,year,month,day,order,country,session ID,page 1 (main category),page 2 (clothing model),colour,location,model photography,price,price 2,page
2000,2008,4,1,1,29,281,2,B12,2,4,1,38,2,1
2001,2008,4,1,2,29,281,2,B24,11,2,1,57,1,2
2002,2008,4,1,3,29,281,2,B21,12,1,1,67,1,2
2003,2008,4,1,4,29,281,2,B23,7,2,1,38,2,2
2004,2008,4,1,5,29,281,2,B30,9,4,1,57,1,2
2005,2008,4,1,6,29,281,2,B31,9,5,1,57,1,2
2006,2008,4,1,7,29,281,2,B25,6,3,1,38,2,2
2007,2008,4,1,8,29,281,2,B6,2,2,1,52,1,1
2008,2008,4,1,9,29,281,2,B13,12,5,2,62,1,1
2009,2008,4,1,10,29,281,2,B16,12,6,1,52,1,1
2010,2008,4,1,1,29,282,4,P14,2,5,2,38,1,1
2011,2008,4,1,2,29,282,4,P6,2,2,1,43,1,1
2012,2008,4,1,3,29,282,2,B10,2,4,1,67,1,1
2013,2008,4,1,4,29,282,2,B4,10,2,1,52,1,1
2014,2008,4,1,5,29,282,2,B24,11,2,1,57,1,2
2015,2008,4,1,6,29,282,4,P6,2,2,1,43,1,1
2016,2008,4,1,1,29,283,3,C17,14,6,1,48,1,1
2017,2008,4,1,2,29,283,1,A16,1,6,1,33,2,1
2018,2008,4,1,1,29,284,2,B4,10,2,1,52,1,1
2019,2008,4,1,1,29,285,2,B26,13,3,1,57,1,2
2020,2008,4,1,1,29,286,1,A7,3,3,1,43,2,1
2021,2008,4,1,2,29,286,4,P15,4,5,2,38,1,1
2022,2008,4,1,1,29,287,1,A31,6,5,2,62,1,2
2023,2008,4,1,2,29,287,1,A28,1,4,2,43,2,2
2024,2008,4,1,3,29,287,2,B4,10,2,1,52,1,1
2025,2008,4,1,4,29,287,2,B15,9,5,1,38,2,1
2026,2008,4,1,5,29,287,2,B17,6,6,2,38,2,1
2027,2008,4,1,6,29,287,3,C1,4,1,2,28,2,1
2028,2008,4,1,7,29,287,3,C2,12,1,1,43,1,1
2029,2008,4,1,8,29,287,3,C10,9,4,2,28,2,1
2030,2008,4,1,9,29,287,3,C2,12,1,1,43,1,1
2031,2008,4,1,10,29,287,3,C18,9,6,1,48,1,1
2032,2008,4,1,11,29,287,3,C54,14,6,1,57,1,3
2033,2008,4,1,12,29,287,3,C59,5,2,2,52,1,4
2034,2008,4,1,13,29,287,2,B17,6,6,2,38,2,1
2035,2008,4,1,1,29,288,3,C56,6,1,2,57,1,4
2036,2008,4,1,2,29,288,2,B10,2,4,1,67,1,1
2037,2008,4,1,1,29,289,1,A11,3,4,1,62,1,1
2038,2008,4,1,2,29,289,3,C17,14,6,1,48,1,1
2039,2008,4,1,3,29,289,4,P6,2,2,1,43,1,1
2040,2008,4,1,4,29,289,4,P15,4,5,2,38,1,1
2041,2008,4,1,1,29,290,4,P8,2,3,1,28,2,1
2042,2008,4,1,2,29,290,4,P15,4,5,2,38,1,1
2043,2008,4,1,3,29,290,4,P20,7,1,1,23,2,2
2044,2008,4,1,4,29,290,4,P36,2,6,1,43,1,2
2045,2008,4,1,5,29,290,4,P51,9,5,1,28,2,3
2046,2008,4,1,1,29,291,1,A4,3,2,2,38,2,1
2047,2008,4,1,2,29,291,2,B4,10,2,1,52,1,1
2048,2008,4,1,3,29,291,3,C7,13,3,1,48,1,1
2049,2008,4,1,4,29,291,4,P15,4,5,2,38,1,1
2050,2008,4,1,5,29,291,4,P5,3,2,1,23,2,1
2051,2008,4,1,6,29,291,4,P5,3,2,1,23,2,1
2052,2008,4,1,1,29,292,3,C16,13,6,1,28,2,1
2053,2008,4,1,2,29,292,3,C41,13,2,1,28,2,3
2054,2008,4,1,3,29,292,1,A22,4,2,1,62,1,2
2055,2008,4,1,4,29,292,3,C38,13,1,1,38,2,3
2056,2008,4,1,5,29,292,1,A7,3,3,1,43,2,1
2057,2008,4,1,6,29,292,3,C31,12,5,1,33,2,2
2058,2008,4,1,7,29,292,1,A32,2,5,1,38,2,2
2059,2008,4,1,8,29,292,3,C28,2,4,2,48,1,2
2060,2008,4,1,9,29,292,3,C28,2,4,2,48,1,2
2061,2008,4,1,10,29,292,1,A17,2,6,1,62,1,1
2062,2008,4,1,11,29,292,3,C44,14,3,1,55,1,3
2063,2008,4,1,12,29,292,1,A37,2,1,1,62,1,3
2064,2008,4,1,13,29,292,1,A37,2,1,1,62,1,3
2065,2008,4,1,14,29,292,3,C7,13,3,1,48,1,1
2066,2008,4,1,15,29,292,3,C46,2,4,1,48,1,3
2067,2008,4,1,16,29,292,1,A25,1,3,1,38,2,2
2068,2008,4,1,17,29,292,3,C41,13,2,1,28,2,3
2069,2008,4,1,18,29,292,1,A29,2,4,1,60,1,2
2070,2008,4,1,19,29,292,3,C29,6,4,2,52,1,2
2071,2008,4,1,20,29,292,1,A27,3,3,1,55,1,2
2072,2008,4,1,21,29,292,3,C18,9,6,1,48,1,1
2073,2008,4,1,22,29,292,1,A26,2,3,1,38,2,2
2074,2008,4,1,23,29,292,3,C32,2,5,1,33,2,2
2075,2008,4,1,24,29,292,3,C14,9,5,1,23,2,1
2076,2008,4,1,25,29,292,3,C9,6,3,1,48,1,1
2077,2008,4,1,26,29,292,1,A35,14,6,2,33,2,2
2078,2008,4,1,27,29,292,3,C48,6,4,1,28,2,3
2079,2008,4,1,28,29,292,2,B33,6,5,2,33,2,2
2080,2008,4,1,29,29,292,2,B11,2,4,1,43,2,1
2081,2008,4,1,30,29,292,3,C41,13,2,1,28,2,3
2082,2008,4,1,31,29,292,3,C45,11,3,1,55,1,3
2083,2008,4,1,32,29,292,3,C45,11,3,1,55,1,3
2084,2008,4,1,33,29,292,3,C27,11,3,1,48,1,2
2085,2008,4,1,34,29,292,2,B16,12,6,1,52,1,1
2086,2008,4,1,35,29,292,2,B17,6,6,2,38,2,1
2087,2008,4,1,36,29,292,3,C33,14,5,1,48,1,2
2088,2008,4,1,37,29,292,1,A33,1,5,1,38,2,2
2089,2008,4,1,38,29,292,1,A33,1,5,1,38,2,2
2090,2008,4,1,39,29,292,1,A31,6,5,2,62,1,2
2091,2008,4,1,40,29,292,3,C33,14,5,1,48,1,2
2092,2008,4,1,41,29,292,3,C36,14,6,1,43,1,2
2093,2008,4,1,42,29,292,3,C48,6,4,1,28,2,3
2094,2008,4,1,43,29,292,1,A4,3,2,2,38,2,1
2095,2008,4,1,44,29,292,3,C21,14,1,1,57,1,2
2096,2008,4,1,45,29,292,1,A42,6,2,1,28,2,3
2097,2008,4,1,46,29,292,3,C48,6,4,1,28,2,3
2098,2008,4,1,1,29,293,3,C45,11,3,1,55,1,3
2099,2008,4,1,1,29,294,1,A11,3,4,1,62,1,1
2100,2008,4,1,2,29,294,2,B17,6,6,2,38,2,1
2101,2008,4,1,3,29,294,2,B16,12,6,1,52,1,1
2102,2008,4,1,4,29,294,3,C17,14,6,1,48,1,1
2103,2008,4,1,5,29,294,1,A15,14,5,2,33,2,1
2104,2008,4,1,6,29,294,4,P3,2,1,1,48,1,1
2105,2008,4,1,1,29,295,4,P5,3,2,1,23,2,1
2106,2008,4,1,2,29,295,1,A15,14,5,2,33,2,1
2107,2008,4,1,3,29,295,1,A15,14,5,2,33,2,1
2108,2008,4,1,4,29,295,1,A15,14,5,2,33,2,1
2109,2008,4,1,5,29,295,1,A4,3,2,2,38,2,1
2110,2008,4,1,6,29,295,4,P5,3,2,1,23,2,1
2111,2008,4,1,7,29,295,3,C11,7,4,1,33,2,1
2112,2008,4,1,8,29,295,3,C32,2,5,1,33,2,2
2113,2008,4,1,9,29,295,3,C50,9,5,2,20,2,3
2114,2008,4,1,10,29,295,3,C53,14,6,1,38,2,3
2115,2008,4,1,1,29,296,4,P7,4,3,2,28,2,1
2116,2008,4,1,2,29,296,4,P13,4,5,1,38,1,1
2117,2008,4,1,3,29,296,4,P50,6,5,2,33,2,3
2118,2008,4,1,4,29,296,4,P50,6,5,2,33,2,3
2119,2008,4,1,5,29,296,1,A16,1,6,1,33,2,1
2120,2008,4,1,6,29,296,1,A28,1,4,2,43,2,2
2121,2008,4,1,7,29,296,1,A41,4,2,1,43,2,3
2122,2008,4,1,8,29,296,2,B31,9,5,1,57,1,2
2123,2008,4,1,1,29,297,3,C13,9,5,1,48,1,1
2124,2008,4,1,1,29,298,4,P13,4,5,1,38,1,1
2125,2008,4,1,1,29,299,1,A5,3,2,1,43,2,1
2126,2008,4,1,2,29,299,2,B22,2,2,1,67,1,2
2127,2008,4,1,3,29,299,2,B4,10,2,1,52,1,1
2128,2008,4,1,4,29,299,3,C15,6,5,1,33,2,1
2129,2008,4,1,1,29,300,1,A6,3,2,1,43,2,1
2130,2008,4,1,2,29,300,1,A12,2,4,1,38,2,1
2131,2008,4,1,3,29,300,1,A11,3,4,1,62,1,1
2132,2008,4,1,1,29,301,1,A18,4,6,1,38,2,1
2133,2008,4,1,2,29,301,1,A13,1,5,1,28,2,1
2134,2008,4,1,3,29,301,1,A16,1,6,1,33,2,1
2135,2008,4,1,4,29,301,1,A15,14,5,2,33,2,1
2136,2008,4,1,5,29,301,2,B17,6,6,2,38,2,1
2137,2008,4,1,6,29,301,2,B1,4,1,1,57,1,1
2138,2008,4,1,7,29,301,2,B33,6,5,2,33,2,2
2139,2008,4,1,8,29,301,2,B34,2,6,1,48,2,2
2140,2008,4,1,9,29,301,3,C3,6,1,2,23,2,1
2141,2008,4,1,10,29,301,3,C11,7,4,1,33,2,1
2142,2008,4,1,11,29,301,3,C14,9,5,1,23,2,1
2143,2008,4,1,12,29,301,4,P9,4,3,2,23,2,1
2144,2008,4,1,1,29,302,4,P5,3,2,1,23,2,1
2145,2008,4,1,2,29,302,4,P5,3,2,1,23,2,1
2146,2008,4,1,1,29,303,3,C47,13,4,2,18,2,3
2147,2008,4,1,1,29,304,4,P48,9,4,2,33,2,3
2148,2008,4,1,2,29,304,4,P63,14,3,2,28,2,4
2149,2008,4,1,3,29,304,2,B1,4,1,1,57,1,1
2150,2008,4,1,4,29,304,2,B17,6,6,2,38,2,1
2151,2008,4,1,5,29,304,2,B21,12,1,1,67,1,2
2152,2008,4,1,6,29,304,2,B33,6,5,2,33,2,2
2153,2008,4,1,7,29,304,2,B4,10,2,1,52,1,1
2154,2008,4,1,8,29,304,1,A16,1,6,1,33,2,1
2155,2008,4,1,1,29,305,1,A15,14,5,2,33,2,1
2156,2008,4,1,2,29,305,1,A16,1,6,1,33,2,1
2157,2008,4,1,3,29,305,1,A11,3,4,1,62,1,1
2158,2008,4,1,4,29,305,2,B4,10,2,1,52,1,1
2159,2008,4,1,5,29,305,2,B13,12,5,2,62,1,1
2160,2008,4,1,6,29,305,2,B3,12,1,1,52,1,1
2161,2008,4,1,7,29,305,2,B1,4,1,1,57,1,1
2162,2008,4,1,8,29,305,2,B7,6,3,1,38,2,1
2163,2008,4,1,9,29,305,2,B15,9,5,1,38,2,1
2164,2008,4,1,10,29,305,2,B9,1,3,1,48,2,1
2165,2008,4,1,11,29,305,4,P16,7,6,1,33,2,1
2166,2008,4,1,12,29,305,4,P14,2,5,2,38,1,1
2167,2008,4,1,13,29,305,4,P5,3,2,1,23,2,1
2168,2008,4,1,14,29,305,4,P15,4,5,2,38,1,1
2169,2008,4,1,15,29,305,4,P9,4,3,2,23,2,1
2170,2008,4,1,1,29,306,4,P6,2,2,1,43,1,1
2171,2008,4,1,2,29,306,4,P14,2,5,2,38,1,1
2172,2008,4,1,3,29,306,4,P33,9,5,1,43,1,2
2173,2008,4,1,4,29,306,4,P36,2,6,1,43,1,2
2174,2008,4,1,1,9,307,1,A13,1,5,1,28,2,1
2175,2008,4,1,2,9,307,1,A18,4,6,1,38,2,1
2176,2008,4,1,3,9,307,1,A39,4,1,1,38,2,3
2177,2008,4,1,4,9,307,2,B7,6,3,1,38,2,1
2178,2008,4,1,5,9,307,2,B14,2,5,1,62,1,1
2179,2008,4,1,6,9,307,2,B26,13,3,1,57,1,2
2180,2008,4,1,7,9,307,3,C10,9,4,2,28,2,1
2181,2008,4,1,8,9,307,3,C57,5,1,2,33,2,4
2182,2008,4,1,1,29,308,4,P12,4,4,1,33,2,1
2183,2008,4,1,1,29,309,1,A26,2,3,1,38,2,2
2184,2008,4,1,2,29,309,1,A26,2,3,1,38,2,2
2185,2008,4,1,1,29,310,2,B1,4,1,1,57,1,1
2186,2008,4,1,2,29,310,2,B14,2,5,1,62,1,1
2187,2008,4,1,3,29,310,2,B13,12,5,2,62,1,1
2188,2008,4,1,4,29,310,2,B10,2,4,1,67,1,1
2189,2008,4,1,5,29,310,2,B12,2,4,1,38,2,1
2190,2008,4,1,6,29,310,2,B15,9,5,1,38,2,1
2191,2008,4,1,7,29,310,2,B17,6,6,2,38,2,1
2192,2008,4,1,8,29,310,2,B3,12,1,1,52,1,1
2193,2008,4,1,9,29,310,2,B5,14,2,2,52,1,1
2194,2008,4,1,1,29,311,2,B4,10,2,1,52,1,1
2195,2008,4,1,1,46,312,4,P12,4,4,1,33,2,1
2196,2008,4,1,2,46,312,4,P15,4,5,2,38,1,1
2197,2008,4,1,3,46,312,3,C2,12,1,1,43,1,1
2198,2008,4,1,1,29,313,1,A37,2,1,1,62,1,3
2199,2008,4,1,1,44,314,1,A16,1,6,1,33,2,1
2200,2008,4,1,2,44,314,1,A17,2,6,1,62,1,1
2201,2008,4,1,3,44,314,1,A18,4,6,1,38,2,1
2202,2008,4,1,4,44,314,1,A11,3,4,1,62,1,1
2203,2008,4,1,5,44,314,1,A17,2,6,1,62,1,1
2204,2008,4,1,6,44,314,3,C18,9,6,1,48,1,1
2205,2008,4,1,7,44,314,4,P3,2,1,1,48,1,1
2206,2008,4,1,8,44,314,4,P11,4,4,2,38,1,1
2207,2008,4,1,9,44,314,4,P12,4,4,1,33,2,1
2208,2008,4,1,10,44,314,4,P23,6,2,2,28,2,2
2209,2008,4,1,11,44,314,4,P81,4,3,2,43,1,5
2210,2008,4,1,12,44,314,4,P10,4,4,2,65,1,1
2211,2008,4,1,13,44,314,4,P9,4,3,2,23,2,1
2212,2008,4,1,1,29,315,3,C10,9,4,2,28,2,1
2213,2008,4,1,1,29,316,3,C13,9,5,1,48,1,1
2214,2008,4,1,2,29,316,3,C32,2,5,1,33,2,2
2215,2008,4,1,3,29,316,3,C49,4,5,2,26,2,3
2216,2008,4,1,4,29,316,1,A4,3,2,2,38,2,1
2217,2008,4,1,5,29,316,1,A20,2,1,2,38,2,2
2218,2008,4,1,6,29,316,1,A41,4,2,1,43,2,3
2219,2008,4,1,1,29,317,1,A13,1,5,1,28,2,1
2220,2008,4,1,1,29,318,4,P78,14,2,2,48,1,5
2221,2008,4,1,1,29,319,3,C9,6,3,1,48,1,1
2222,2008,4,1,2,29,319,3,C15,6,5,1,33,2,1
2223,2008,4,1,3,29,319,4,P3,2,1,1,48,1,1
2224,2008,4,1,1,29,320,4,P19,2,1,1,48,1,2
2225,2008,4,1,2,29,320,1,A1,8,1,1,28,2,1
2226,2008,4,1,3,29,320,1,A7,3,3,1,43,2,1
2227,2008,4,1,4,29,320,3,C4,4,2,1,48,1,1
2228,2008,4,1,5,29,320,3,C3,6,1,2,23,2,1
2229,2008,4,1,6,29,320,4,P13,4,5,1,38,1,1
2230,2008,4,1,7,29,320,4,P15,4,5,2,38,1,1
2231,2008,4,1,8,29,320,4,P17,2,6,2,38,1,1
2232,2008,4,1,9,29,320,2,B10,2,4,1,67,1,1
2233,2008,4,1,10,29,320,4,P19,2,1,1,48,1,2
2234,2008,4,1,1,29,321,3,C4,4,2,1,48,1,1
2235,2008,4,1,2,29,321,3,C28,2,4,2,48,1,2
2236,2008,4,1,3,29,321,3,C49,4,5,2,26,2,3
2237,2008,4,1,4,29,321,3,C59,5,2,2,52,1,4
2238,2008,4,1,5,29,321,3,C55,13,1,1,48,1,4
2239,2008,4,1,6,29,321,1,A8,3,3,1,62,1,1
2240,2008,4,1,7,29,321,1,A18,4,6,1,38,2,1
2241,2008,4,1,8,29,321,2,B1,4,1,1,57,1,1
2242,2008,4,1,9,29,321,2,B4,10,2,1,52,1,1
2243,2008,4,1,10,29,321,2,B12,2,4,1,38,2,1
2244,2008,4,1,11,29,321,4,P12,4,4,1,33,2,1
2245,2008,4,1,12,29,321,4,P14,2,5,2,38,1,1
2246,2008,4,1,13,29,321,4,P34,9,6,2,48,1,2
2247,2008,4,1,14,29,321,4,P27,6,3,2,33,2,2
2248,2008,4,1,15,29,321,4,P33,9,5,1,43,1,2
2249,2008,4,1,16,29,321,4,P37,2,1,1,43,1,3
2250,2008,4,1,17,29,321,4,P65,9,4,2,43,1,4
2251,2008,4,1,18,29,321,4,P58,9,2,2,38,1,4
2252,2008,4,1,19,29,321,4,P70,6,6,2,38,1,4
2253,2008,4,1,20,29,321,4,P72,14,6,1,33,2,4
2254,2008,4,1,21,29,321,4,P66,9,4,2,43,1,4
2255,2008,4,1,22,29,321,2,B1,4,1,1,57,1,1
2256,2008,4,1,23,29,321,4,P3,2,1,1,48,1,1
2257,2008,4,1,24,29,321,4,P9,4,3,2,23,2,1
2258,2008,4,1,25,29,321,4,P10,4,4,2,65,1,1
2259,2008,4,1,1,29,322,3,C17,14,6,1,48,1,1
2260,2008,4,1,1,29,323,1,A19,12,1,2,33,2,2
2261,2008,4,1,1,29,324,2,B33,6,5,2,33,2,2
2262,2008,4,1,2,29,324,2,B23,7,2,1,38,2,2
2263,2008,4,1,3,29,324,2,B29,2,4,1,62,1,2
2264,2008,4,1,4,29,324,3,C21,14,1,1,57,1,2
2265,2008,4,1,5,29,324,3,C30,2,4,2,28,2,2
2266,2008,4,1,6,29,324,3,C35,9,6,1,50,1,2
2267,2008,4,1,7,29,324,3,C40,14,2,2,28,2,3
2268,2008,4,1,8,29,324,3,C54,14,6,1,57,1,3
2269,2008,4,1,1,29,325,2,B34,2,6,1,48,2,2
2270,2008,4,1,2,29,325,2,B19,13,1,1,38,2,2
2271,2008,4,1,3,29,325,2,B2,3,1,2,57,1,1
2272,2008,4,1,4,29,325,2,B34,2,6,1,48,2,2
2273,2008,4,1,5,29,325,3,C25,2,3,1,33,2,2
2274,2008,4,1,6,29,325,3,C29,6,4,2,52,1,2
2275,2008,4,1,7,29,325,3,C47,13,4,2,18,2,3
2276,2008,4,1,8,29,325,1,A11,3,4,1,62,1,1
2277,2008,4,1,9,29,325,1,A33,1,5,1,38,2,2
2278,2008,4,1,10,29,325,1,A21,1,1,1,62,1,2
2279,2008,4,1,11,29,325,1,A20,2,1,2,38,2,2
2280,2008,4,1,1,29,326,4,P17,2,6,2,38,1,1
2281,2008,4,1,2,29,326,4,P15,4,5,2,38,1,1
2282,2008,4,1,3,29,326,4,P3,2,1,1,48,1,1
2283,2008,4,1,4,29,326,4,P30,4,4,1,33,2,2
2284,2008,4,1,5,29,326,2,B27,2,3,1,57,1,2
2285,2008,4,1,6,29,326,1,A20,2,1,2,38,2,2
2286,2008,4,1,7,29,326,3,C30,2,4,2,28,2,2
2287,2008,4,1,8,29,326,3,C54,14,6,1,57,1,3
2288,2008,4,1,9,29,326,3,C53,14,6,1,38,2,3
2289,2008,4,1,1,29,327,4,P16,7,6,1,33,2,1
2290,2008,4,1,2,29,327,4,P16,7,6,1,33,2,1
2291,2008,4,1,3,29,327,4,P33,9,5,1,43,1,2
2292,2008,4,1,4,29,327,1,A4,3,2,2,38,2,1
2293,2008,4,1,5,29,327,1,A13,1,5,1,28,2,1
2294,2008,4,1,6,29,327,1,A16,1,6,1,33,2,1
2295,2008,4,1,7,29,327,1,A11,3,4,1,62,1,1
2296,2008,4,1,8,29,327,1,A6,3,2,1,43,2,1
2297,2008,4,1,9,29,327,1,A1,8,1,1,28,2,1
2298,2008,4,1,10,29,327,1,A18,4,6,1,38,2,1
2299,2008,4,1,11,29,327,1,A17,2,6,1,62,1,1
2300,2008,4,1,12,29,327,4,P11,4,4,2,38,1,1
2301,2008,4,1,13,29,327,4,P15,4,5,2,38,1,1
2302,2008,4,1,14,29,327,4,P9,4,3,2,23,2,1
2303,2008,4,1,1,29,328,3,C15,6,5,1,33,2,1
2304,2008,4,1,2,29,328,1,A9,3,3,1,82,1,1
2305,2008,4,1,3,29,328,1,A11,3,4,1,62,1,1
2306,2008,4,1,1,29,329,1,A14,3,5,1,60,1,1
2307,2008,4,1,2,29,329,1,A3,3,1,1,72,1,1
2308,2008,4,1,3,29,329,3,C5,11,2,1,48,1,1
2309,2008,4,1,4,29,329,3,C4,4,2,1,48,1,1
2310,2008,4,1,1,29,330,3,C13,9,5,1,48,1,1
2311,2008,4,1,2,29,330,1,A13,1,5,1,28,2,1
2312,2008,4,1,3,29,330,1,A17,2,6,1,62,1,1
2313,2008,4,1,4,29,330,1,A16,1,6,1,33,2,1
2314,2008,4,1,5,29,330,4,P5,3,2,1,23,2,1
2315,2008,4,1,6,29,330,4,P16,7,6,1,33,2,1
2316,2008,4,1,7,29,330,2,B4,10,2,1,52,1,1
2317,2008,4,1,8,29,330,2,B10,2,4,1,67,1,1
2318,2008,4,1,1,29,331,2,B15,9,5,1,38,2,1
2319,2008,4,1,2,29,331,2,B30,9,4,1,57,1,2
2320,2008,4,1,3,29,331,3,C13,9,5,1,48,1,1
2321,2008,4,1,4,29,331,3,C18,9,6,1,48,1,1
2322,2008,4,1,5,29,331,4,P1,3,1,1,38,1,1
2323,2008,4,1,6,29,331,4,P15,4,5,2,38,1,1
2324,2008,4,1,7,29,331,4,P33,9,5,1,43,1,2
2325,2008,4,1,8,29,331,4,P51,9,5,1,28,2,3
2326,2008,4,1,1,29,332,3,C8,2,3,2,48,1,1
2327,2008,4,1,2,29,332,3,C2,12,1,1,43,1,1
2328,2008,4,1,3,29,332,3,C12,14,4,1,43,1,1
2329,2008,4,1,4,29,332,3,C14,9,5,1,23,2,1
2330,2008,4,1,5,29,332,3,C34,7,6,1,48,1,2
2331,2008,4,1,6,29,332,3,C33,14,5,1,48,1,2
2332,2008,4,1,7,29,332,3,C46,2,4,1,48,1,3
2333,2008,4,1,8,29,332,3,C5,11,2,1,48,1,1
2334,2008,4,1,9,29,332,3,C16,13,6,1,28,2,1
2335,2008,4,1,10,29,332,3,C17,14,6,1,48,1,1
2336,2008,4,1,11,29,332,1,A7,3,3,1,43,2,1
2337,2008,4,1,12,29,332,1,A3,3,1,1,72,1,1
2338,2008,4,1,13,29,332,1,A4,3,2,2,38,2,1
2339,2008,4,1,1,29,333,2,B10,2,4,1,67,1,1
2340,2008,4,1,2,29,333,2,B13,12,5,2,62,1,1
2341,2008,4,1,3,29,333,2,B21,12,1,1,67,1,2
2342,2008,4,1,1,29,334,3,C34,7,6,1,48,1,2
2343,2008,4,1,2,29,334,3,C41,13,2,1,28,2,3
2344,2008,4,1,3,29,334,3,C49,4,5,2,26,2,3
2345,2008,4,1,4,29,334,3,C50,9,5,2,20,2,3
2346,2008,4,1,5,29,334,3,C57,5,1,2,33,2,4
2347,2008,4,1,6,29,334,2,B4,10,2,1,52,1,1
2348,2008,4,1,7,29,334,2,B26,13,3,1,57,1,2
2349,2008,4,1,1,29,335,2,B16,12,6,1,52,1,1
2350,2008,4,1,2,29,335,2,B30,9,4,1,57,1,2
2351,2008,4,1,3,29,335,2,B23,7,2,1,38,2,2
2352,2008,4,1,4,29,335,4,P16,7,6,1,33,2,1
2353,2008,4,1,5,29,335,4,P33,9,5,1,43,1,2
2354,2008,4,1,6,29,335,4,P34,9,6,2,48,1,2
2355,2008,4,1,7,29,335,4,P3,2,1,1,48,1,1
2356,2008,4,1,1,29,336,4,P12,4,4,1,33,2,1
2357,2008,4,1,2,29,336,4,P1,3,1,1,38,1,1
2358,2008,4,1,3,29,336,3,C5,11,2,1,48,1,1
2359,2008,4,1,4,29,336,3,C35,9,6,1,50,1,2
2360,2008,4,1,5,29,336,3,C48,6,4,1,28,2,3
2361,2008,4,1,6,29,336,2,B4,10,2,1,52,1,1
2362,2008,4,1,7,29,336,2,B15,9,5,1,38,2,1
2363,2008,4,1,8,29,336,2,B10,2,4,1,67,1,1
2364,2008,4,1,1,9,337,1,A21,1,1,1,62,1,2
2365,2008,4,1,2,9,337,1,A32,2,5,1,38,2,2
2366,2008,4,1,3,9,337,1,A30,6,4,1,38,2,2
2367,2008,4,1,4,9,337,1,A40,4,2,2,38,2,3
2368,2008,4,1,5,9,337,1,A37,2,1,1,62,1,3
2369,2008,4,1,6,9,337,2,B26,13,3,1,57,1,2
2370,2008,4,1,7,9,337,2,B1,4,1,1,57,1,1
2371,2008,4,1,1,9,338,2,B4,10,2,1,52,1,1
2372,2008,4,1,2,9,338,2,B2,3,1,2,57,1,1
2373,2008,4,1,1,29,339,2,B13,12,5,2,62,1,1
2374,2008,4,1,2,29,339,2,B10,2,4,1,67,1,1
2375,2008,4,1,3,29,339,2,B14,2,5,1,62,1,1
2376,2008,4,1,4,29,339,2,B24,11,2,1,57,1,2
2377,2008,4,1,5,29,339,1,A5,3,2,1,43,2,1
2378,2008,4,1,1,9,340,2,B10,2,4,1,67,1,1
2379,2008,4,1,2,9,340,2,B14,2,5,1,62,1,1
2380,2008,4,1,3,9,340,2,B11,2,4,1,43,2,1
2381,2008,4,1,4,9,340,2,B13,12,5,2,62,1,1
2382,2008,4,1,1,29,341,1,A2,3,1,1,43,2,1
2383,2008,4,1,2,29,341,1,A3,3,1,1,72,1,1
2384,2008,4,1,3,29,341,1,A2,3,1,1,43,2,1
2385,2008,4,1,4,29,341,1,A5,3,2,1,43,2,1
2386,2008,4,1,5,29,341,1,A7,3,3,1,43,2,1
2387,2008,4,1,6,29,341,1,A5,3,2,1,43,2,1
2388,2008,4,1,7,29,341,1,A6,3,2,1,43,2,1
2389,2008,4,1,8,29,341,1,A8,3,3,1,62,1,1
2390,2008,4,1,9,29,341,1,A10,3,4,1,38,2,1
2391,2008,4,1,10,29,341,1,A12,2,4,1,38,2,1
2392,2008,4,1,11,29,341,1,A4,3,2,2,38,2,1
2393,2008,4,1,12,29,341,4,P1,3,1,1,38,1,1
2394,2008,4,1,13,29,341,4,P5,3,2,1,23,2,1
2395,2008,4,1,14,29,341,4,P82,6,4,2,48,1,5
2396,2008,4,1,15,29,341,4,P80,7,3,1,28,2,5
2397,2008,4,1,16,29,341,4,P74,12,1,2,33,2,5
2398,2008,4,1,1,29,342,2,B4,10,2,1,52,1,1
2399,2008,4,1,2,29,342,2,B9,1,3,1,48,2,1
2400,2008,4,1,3,29,342,1,A4,3,2,2,38,2,1
2401,2008,4,1,4,29,342,1,A4,3,2,2,38,2,1
2402,2008,4,1,5,29,342,1,A16,1,6,1,33,2,1
2403,2008,4,1,6,29,342,1,A13,1,5,1,28,2,1
2404,2008,4,1,7,29,342,1,A30,6,4,1,38,2,2
2405,2008,4,1,8,29,342,4,P23,6,2,2,28,2,2
2406,2008,4,1,9,29,342,4,P4,4,2,1,38,1,1
2407,2008,4,1,10,29,342,4,P1,3,1,1,38,1,1
2408,2008,4,1,11,29,342,4,P1,3,1,1,38,1,1
2409,2008,4,1,12,29,342,4,P1,3,1,1,38,1,1
2410,2008,4,1,13,29,342,4,P5,3,2,1,23,2,1
2411,2008,4,1,14,29,342,4,P23,6,2,2,28,2,2
2412,2008,4,1,15,29,342,4,P26,4,3,1,43,1,2
2413,2008,4,1,16,29,342,4,P39,14,1,1,43,1,3
2414,2008,4,1,17,29,342,4,P80,7,3,1,28,2,5
2415,2008,4,1,18,29,342,2,B6,2,2,1,52,1,1
2416,2008,4,1,19,29,342,2,B6,2,2,1,52,1,1
2417,2008,4,1,20,29,342,2,B6,2,2,1,52,1,1
2418,2008,4,1,21,29,342,2,B6,2,2,1,52,1,1
2419,2008,4,1,22,29,342,2,B17,6,6,2,38,2,1
2420,2008,4,1,23,29,342,4,P80,7,3,1,28,2,5
2421,2008,4,1,24,29,342,4,P2,3,1,1,28,2,1
2422,2008,4,1,25,29,342,4,P2,3,1,1,28,2,1
2423,2008,4,1,26,29,342,4,P27,6,3,2,33,2,2
2424,2008,4,1,27,29,342,1,A31,6,5,2,62,1,2
2425,2008,4,1,28,29,342,4,P2,3,1,1,28,2,1
2426,2008,4,1,29,29,342,4,P2,3,1,1,28,2,1
2427,2008,4,1,30,29,342,4,P2,3,1,1,28,2,1
2428,2008,4,1,31,29,342,1,A31,6,5,2,62,1,2
2429,2008,4,1,32,29,342,1,A31,6,5,2,62,1,2
2430,2008,4,1,1,29,343,4,P1,3,1,1,38,1,1
2431,2008,4,1,2,29,343,4,P26,4,3,1,43,1,2
2432,2008,4,1,3,29,343,4,P48,9,4,2,33,2,3
2433,2008,4,1,4,29,343,4,P41,9,2,2,43,1,3
2434,2008,4,1,5,29,343,4,P80,7,3,1,28,2,5
2435,2008,4,1,1,9,344,1,A3,3,1,1,72,1,1
2436,2008,4,1,2,9,344,3,C24,12,2,1,33,2,2
2437,2008,4,1,3,9,344,3,C33,14,5,1,48,1,2
2438,2008,4,1,4,9,344,3,C56,6,1,2,57,1,4
2439,2008,4,1,1,29,345,3,C1,4,1,2,28,2,1
2440,2008,4,1,2,29,345,1,A4,3,2,2,38,2,1
2441,2008,4,1,3,29,345,3,C18,9,6,1,48,1,1
2442,2008,4,1,4,29,345,3,C14,9,5,1,23,2,1
2443,2008,4,1,5,29,345,3,C17,14,6,1,48,1,1
2444,2008,4,1,6,29,345,3,C4,4,2,1,48,1,1
2445,2008,4,1,7,29,345,1,A4,3,2,2,38,2,1
2446,2008,4,1,8,29,345,3,C1,4,1,2,28,2,1
2447,2008,4,1,1,29,346,2,B15,9,5,1,38,2,1
2448,2008,4,1,2,29,346,1,A4,3,2,2,38,2,1
2449,2008,4,1,1,29,347,1,A25,1,3,1,38,2,2
2450,2008,4,1,2,29,347,1,A3,3,1,1,72,1,1
2451,2008,4,1,3,29,347,3,C42,7,2,1,28,2,3
2452,2008,4,1,4,29,347,1,A3,3,1,1,72,1,1
2453,2008,4,1,1,29,348,1,A2,3,1,1,43,2,1
2454,2008,4,1,2,29,348,3,C4,4,2,1,48,1,1
2455,2008,4,1,3,29,348,3,C16,13,6,1,28,2,1
2456,2008,4,1,4,29,348,4,P1,3,1,1,38,1,1
2457,2008,4,1,5,29,348,4,P9,4,3,2,23,2,1
2458,2008,4,1,6,29,348,4,P61,1,3,2,28,2,4
2459,2008,4,1,7,29,348,4,P69,9,5,1,43,1,4
2460,2008,4,1,8,29,348,4,P43,7,3,2,38,1,3
2461,2008,4,1,1,29,349,1,A1,8,1,1,28,2,1
2462,2008,4,1,1,29,350,4,P5,3,2,1,23,2,1
2463,2008,4,1,2,29,350,4,P20,7,1,1,23,2,2
2464,2008,4,1,3,29,350,4,P60,14,2,1,28,2,4
2465,2008,4,1,4,29,350,2,B27,2,3,1,57,1,2
2466,2008,4,1,1,44,351,1,A2,3,1,1,43,2,1
2467,2008,4,1,1,29,352,2,B30,9,4,1,57,1,2
2468,2008,4,1,1,44,353,3,C2,12,1,1,43,1,1
2469,2008,4,1,2,44,353,2,B17,6,6,2,38,2,1
2470,2008,4,1,1,44,354,4,P6,2,2,1,43,1,1
2471,2008,4,1,1,29,355,1,A1,8,1,1,28,2,1
2472,2008,4,1,2,29,355,1,A8,3,3,1,62,1,1
2473,2008,4,1,3,29,355,1,A17,2,6,1,62,1,1
2474,2008,4,1,4,29,355,1,A14,3,5,1,60,1,1
2475,2008,4,1,5,29,355,1,A12,2,4,1,38,2,1
2476,2008,4,1,6,29,355,2,B4,10,2,1,52,1,1
2477,2008,4,1,1,29,356,4,P1,3,1,1,38,1,1
2478,2008,4,1,2,29,356,1,A5,3,2,1,43,2,1
2479,2008,4,1,3,29,356,4,P1,3,1,1,38,1,1
2480,2008,4,1,1,29,357,4,P15,4,5,2,38,1,1
2481,2008,4,1,2,29,357,4,P15,4,5,2,38,1,1
2482,2008,4,1,3,29,357,4,P38,9,1,1,33,2,3
2483,2008,4,1,4,29,357,4,P37,2,1,1,43,1,3
2484,2008,4,1,5,29,357,4,P65,9,4,2,43,1,4
2485,2008,4,1,6,29,357,4,P47,14,4,1,28,2,3
2486,2008,4,1,1,29,358,1,A2,3,1,1,43,2,1
2487,2008,4,1,2,29,358,1,A18,4,6,1,38,2,1
2488,2008,4,1,3,29,358,1,A1,8,1,1,28,2,1
2489,2008,4,1,4,29,358,1,A12,2,4,1,38,2,1
2490,2008,4,1,5,29,358,3,C5,11,2,1,48,1,1
2491,2008,4,1,6,29,358,3,C12,14,4,1,43,1,1
2492,2008,4,1,7,29,358,3,C1,4,1,2,28,2,1
2493,2008,4,1,1,29,359,1,A1,8,1,1,28,2,1
2494,2008,4,1,1,29,360,1,A1,8,1,1,28,2,1
2495,2008,4,1,2,29,360,1,A2,3,1,1,43,2,1
2496,2008,4,1,3,29,360,1,A3,3,1,1,72,1,1
2497,2008,4,1,4,29,360,1,A4,3,2,2,38,2,1
2498,2008,4,1,5,29,360,1,A8,3,3,1,62,1,1
2499,2008,4,1,6,29,360,1,A13,1,5,1,28,2,1
2500,2008,4,1,7,29,360,1,A15,14,5,2,33,2,1
2501,2008,4,1,8,29,360,1,A18,4,6,1,38,2,1
2502,2008,4,1,9,29,360,2,B1,4,1,1,57,1,1
2503,2008,4,1,10,29,360,2,B2,3,1,2,57,1,1
2504,2008,4,1,11,29,360,2,B3,12,1,1,52,1,1
2505,2008,4,1,12,29,360,2,B4,10,2,1,52,1,1
2506,2008,4,1,13,29,360,2,B5,14,2,2,52,1,1
2507,2008,4,1,14,29,360,2,B7,6,3,1,38,2,1
2508,2008,4,1,15,29,360,2,B8,4,3,2,52,1,1
2509,2008,4,1,16,29,360,2,B9,1,3,1,48,2,1
2510,2008,4,1,17,29,360,2,B9,1,3,1,48,2,1
2511,2008,4,1,18,29,360,3,C1,4,1,2,28,2,1
2512,2008,4,1,19,29,360,3,C2,12,1,1,43,1,1
2513,2008,4,1,20,29,360,3,C3,6,1,2,23,2,1
2514,2008,4,1,21,29,360,3,C4,4,2,1,48,1,1
2515,2008,4,1,22,29,360,3,C5,11,2,1,48,1,1
2516,2008,4,1,23,29,360,3,C6,6,2,1,33,2,1
2517,2008,4,1,24,29,360,3,C9,6,3,1,48,1,1
2518,2008,4,1,25,29,360,3,C10,9,4,2,28,2,1
2519,2008,4,1,26,29,360,3,C11,7,4,1,33,2,1
2520,2008,4,1,27,29,360,3,C12,14,4,1,43,1,1
2521,2008,4,1,1,29,361,1,A2,3,1,1,43,2,1
2522,2008,4,1,1,29,362,4,P12,4,4,1,33,2,1
2523,2008,4,1,2,29,362,4,P13,4,5,1,38,1,1
2524,2008,4,1,1,29,363,1,A2,3,1,1,43,2,1
2525,2008,4,1,2,29,363,1,A7,3,3,1,43,2,1
2526,2008,4,1,3,29,363,1,A4,3,2,2,38,2,1
2527,2008,4,1,4,29,363,1,A1,8,1,1,28,2,1
2528,2008,4,1,5,29,363,1,A9,3,3,1,82,1,1
2529,2008,4,1,6,29,363,4,P1,3,1,1,38,1,1
2530,2008,4,1,1,29,364,4,P4,4,2,1,38,1,1
2531,2008,4,1,2,29,364,4,P12,4,4,1,33,2,1
2532,2008,4,1,3,29,364,4,P15,4,5,2,38,1,1
2533,2008,4,1,4,29,364,1,A15,14,5,2,33,2,1
2534,2008,4,1,5,29,364,1,A20,2,1,2,38,2,2
2535,2008,4,1,6,29,364,1,A21,1,1,1,62,1,2
2536,2008,4,1,1,29,365,1,A21,1,1,1,62,1,2
2537,2008,4,1,2,29,365,1,A42,6,2,1,28,2,3
2538,2008,4,1,3,29,365,1,A41,4,2,1,43,2,3
2539,2008,4,1,4,29,365,1,A15,14,5,2,33,2,1
2540,2008,4,1,5,29,365,4,P15,4,5,2,38,1,1
2541,2008,4,1,6,29,365,4,P14,2,5,2,38,1,1
2542,2008,4,1,7,29,365,4,P6,2,2,1,43,1,1
2543,2008,4,1,8,29,365,4,P23,6,2,2,28,2,2
2544,2008,4,1,9,29,365,4,P39,14,1,1,43,1,3
2545,2008,4,1,10,29,365,4,P56,2,1,1,33,2,4
2546,2008,4,1,1,29,366,1,A1,8,1,1,28,2,1
2547,2008,4,1,2,29,366,3,C5,11,2,1,48,1,1
2548,2008,4,1,3,29,366,3,C41,13,2,1,28,2,3
2549,2008,4,1,4,29,366,2,B31,9,5,1,57,1,2
2550,2008,4,1,5,29,366,2,B28,9,4,1,38,2,2
2551,2008,4,1,6,29,366,2,B4,10,2,1,52,1,1
2552,2008,4,1,1,29,367,2,B13,12,5,2,62,1,1
2553,2008,4,1,2,29,367,2,B14,2,5,1,62,1,1
2554,2008,4,1,3,29,367,2,B11,2,4,1,43,2,1
2555,2008,4,1,4,29,367,2,B10,2,4,1,67,1,1
2556,2008,4,1,5,29,367,2,B15,9,5,1,38,2,1
2557,2008,4,1,1,29,368,1,A39,4,1,1,38,2,3
2558,2008,4,1,1,29,369,1,A26,2,3,1,38,2,2
2559,2008,4,1,2,29,369,1,A29,2,4,1,60,1,2
2560,2008,4,1,3,29,369,4,P6,2,2,1,43,1,1
2561,2008,4,1,4,29,369,4,P6,2,2,1,43,1,1
2562,2008,4,1,1,29,370,4,P12,4,4,1,33,2,1
2563,2008,4,1,2,29,370,4,P1,3,1,1,38,1,1
2564,2008,4,1,3,29,370,4,P39,14,1,1,43,1,3
2565,2008,4,1,4,29,370,4,P48,9,4,2,33,2,3
2566,2008,4,1,5,29,370,4,P48,9,4,2,33,2,3
2567,2008,4,1,6,29,370,4,P49,14,5,1,33,2,3
2568,2008,4,1,7,29,370,4,P50,6,5,2,33,2,3
2569,2008,4,1,8,29,370,4,P60,14,2,1,28,2,4
2570,2008,4,1,9,29,370,4,P59,2,2,2,38,1,4
2571,2008,4,1,10,29,370,4,P76,2,2,2,43,1,5
2572,2008,4,1,1,29,371,2,B10,2,4,1,67,1,1
2573,2008,4,1,2,29,371,2,B32,6,5,1,38,2,2
2574,2008,4,1,3,29,371,4,P1,3,1,1,38,1,1
2575,2008,4,1,4,29,371,4,P6,2,2,1,43,1,1
2576,2008,4,1,5,29,371,4,P9,4,3,2,23,2,1
2577,2008,4,1,1,29,372,2,B19,13,1,1,38,2,2
2578,2008,4,1,2,29,372,2,B21,12,1,1,67,1,2
2579,2008,4,1,3,29,372,2,B24,11,2,1,57,1,2
2580,2008,4,1,4,29,372,2,B26,13,3,1,57,1,2
2581,2008,4,1,5,29,372,2,B31,9,5,1,57,1,2
2582,2008,4,1,6,29,372,2,B10,2,4,1,67,1,1
2583,2008,4,1,1,29,373,4,P23,6,2,2,28,2,2
2584,2008,4,1,1,29,374,1,A8,3,3,1,62,1,1
2585,2008,4,1,2,29,374,2,B26,13,3,1,57,1,2
2586,2008,4,1,1,29,375,4,P17,2,6,2,38,1,1
2587,2008,4,1,2,29,375,4,P12,4,4,1,33,2,1
2588,2008,4,1,3,29,375,4,P6,2,2,1,43,1,1
2589,2008,4,1,4,29,375,3,C8,2,3,2,48,1,1
2590,2008,4,1,5,29,375,2,B10,2,4,1,67,1,1
2591,2008,4,1,6,29,375,2,B4,10,2,1,52,1,1
2592,2008,4,1,7,29,375,2,B27,2,3,1,57,1,2
2593,2008,4,1,8,29,375,4,P70,6,6,2,38,1,4
2594,2008,4,1,9,29,375,1,A4,3,2,2,38,2,1
2595,2008,4,1,10,29,375,1,A31,6,5,2,62,1,2
2596,2008,4,1,11,29,375,1,A41,4,2,1,43,2,3
2597,2008,4,1,12,29,375,1,A31,6,5,2,62,1,2
2598,2008,4,1,1,29,376,1,A2,3,1,1,43,2,1
2599,2008,4,1,2,29,376,2,B12,2,4,1,38,2,1
2600,2008,4,1,3,29,376,2,B11,2,4,1,43,2,1
2601,2008,4,1,1,29,377,2,B11,2,4,1,43,2,1
2602,2008,4,1,2,29,377,4,P12,4,4,1,33,2,1
2603,2008,4,1,3,29,377,4,P6,2,2,1,43,1,1
2604,2008,4,1,4,29,377,3,C14,9,5,1,23,2,1
2605,2008,4,1,1,29,378,4,P18,2,6,1,28,2,1
2606,2008,4,1,2,29,378,4,P11,4,4,2,38,1,1
2607,2008,4,1,1,15,379,1,A4,3,2,2,38,2,1
2608,2008,4,1,2,15,379,2,B10,2,4,1,67,1,1
2609,2008,4,1,1,9,380,1,A12,2,4,1,38,2,1
2610,2008,4,1,2,9,380,1,A11,3,4,1,62,1,1
2611,2008,4,1,3,9,380,1,A18,4,6,1,38,2,1
2612,2008,4,1,4,9,380,1,A17,2,6,1,62,1,1
2613,2008,4,1,5,9,380,1,A16,1,6,1,33,2,1
2614,2008,4,1,6,9,380,1,A15,14,5,2,33,2,1
2615,2008,4,1,7,9,380,3,C12,14,4,1,43,1,1
2616,2008,4,1,8,9,380,3,C1,4,1,2,28,2,1
2617,2008,4,1,1,29,381,2,B3,12,1,1,52,1,1
2618,2008,4,1,2,29,381,2,B30,9,4,1,57,1,2
2619,2008,4,1,3,29,381,2,B32,6,5,1,38,2,2
2620,2008,4,1,4,29,381,1,A16,1,6,1,33,2,1
2621,2008,4,1,5,29,381,1,A30,6,4,1,38,2,2
2622,2008,4,1,6,29,381,3,C7,13,3,1,48,1,1
2623,2008,4,1,7,29,381,3,C10,9,4,2,28,2,1
2624,2008,4,1,8,29,381,3,C12,14,4,1,43,1,1
2625,2008,4,1,9,29,381,3,C50,9,5,2,20,2,3
2626,2008,4,1,1,24,382,2,B10,2,4,1,67,1,1
2627,2008,4,1,2,24,382,2,B29,2,4,1,62,1,2
2628,2008,4,1,3,24,382,2,B27,2,3,1,57,1,2
2629,2008,4,1,4,24,382,3,C28,2,4,2,48,1,2
2630,2008,4,1,5,24,382,3,C30,2,4,2,28,2,2
2631,2008,4,1,6,24,382,3,C8,2,3,2,48,1,1
2632,2008,4,1,7,24,382,3,C30,2,4,2,28,2,2
2633,2008,4,1,8,24,382,2,B6,2,2,1,52,1,1
2634,2008,4,1,9,24,382,2,B1,4,1,1,57,1,1
2635,2008,4,1,10,24,382,2,B12,2,4,1,38,2,1
2636,2008,4,1,11,24,382,2,B32,6,5,1,38,2,2
2637,2008,4,1,12,24,382,2,B34,2,6,1,48,2,2
2638,2008,4,1,13,24,382,2,B28,9,4,1,38,2,2
2639,2008,4,1,14,24,382,3,C25,2,3,1,33,2,2
2640,2008,4,1,15,24,382,3,C21,14,1,1,57,1,2
2641,2008,4,1,16,24,382,3,C35,9,6,1,50,1,2
2642,2008,4,1,17,24,382,3,C39,6,1,1,77,1,3
2643,2008,4,1,18,24,382,3,C48,6,4,1,28,2,3
2644,2008,4,1,19,24,382,3,C46,2,4,1,48,1,3
2645,2008,4,1,20,24,382,3,C52,2,6,1,38,2,3
2646,2008,4,1,21,24,382,3,C57,5,1,2,33,2,4
2647,2008,4,1,22,24,382,1,A33,1,5,1,38,2,2
2648,2008,4,1,1,29,383,1,A1,8,1,1,28,2,1
2649,2008,4,1,2,29,383,1,A2,3,1,1,43,2,1
2650,2008,4,1,3,29,383,1,A3,3,1,1,72,1,1
2651,2008,4,1,4,29,383,1,A3,3,1,1,72,1,1
2652,2008,4,1,5,29,383,2,B4,10,2,1,52,1,1
2653,2008,4,1,6,29,383,2,B23,7,2,1,38,2,2
2654,2008,4,1,7,29,383,3,C26,14,3,1,28,2,2
2655,2008,4,1,8,29,383,4,P15,4,5,2,38,1,1
2656,2008,4,1,1,29,384,2,B19,13,1,1,38,2,2
2657,2008,4,1,2,29,384,3,C35,9,6,1,50,1,2
2658,2008,4,1,3,29,384,2,B19,13,1,1,38,2,2
2659,2008,4,1,1,29,385,1,A17,2,6,1,62,1,1
2660,2008,4,1,1,29,386,1,A35,14,6,2,33,2,2
2661,2008,4,1,2,29,386,1,A31,6,5,2,62,1,2
2662,2008,4,1,3,29,386,4,P64,12,4,2,28,2,4
2663,2008,4,1,4,29,386,2,B16,12,6,1,52,1,1
2664,2008,4,1,5,29,386,3,C12,14,4,1,43,1,1
2665,2008,4,1,6,29,386,3,C17,14,6,1,48,1,1
2666,2008,4,1,7,29,386,3,C53,14,6,1,38,2,3
2667,2008,4,1,8,29,386,3,C41,13,2,1,28,2,3
2668,2008,4,1,9,29,386,2,B4,10,2,1,52,1,1
2669,2008,4,1,10,29,386,2,B5,14,2,2,52,1,1
2670,2008,4,1,1,29,387,1,A15,14,5,2,33,2,1
2671,2008,4,1,2,29,387,1,A4,3,2,2,38,2,1
2672,2008,4,1,1,9,388,1,A21,1,1,1,62,1,2
2673,2008,4,1,1,9,389,1,A32,2,5,1,38,2,2
2674,2008,4,1,1,29,390,4,P1,3,1,1,38,1,1
2675,2008,4,1,1,24,391,2,B4,10,2,1,52,1,1
2676,2008,4,1,2,24,391,2,B10,2,4,1,67,1,1
2677,2008,4,1,3,24,391,2,B13,12,5,2,62,1,1
2678,2008,4,1,4,24,391,2,B16,12,6,1,52,1,1
2679,2008,4,1,5,24,391,2,B23,7,2,1,38,2,2
2680,2008,4,1,6,24,391,2,B33,6,5,2,33,2,2
2681,2008,4,1,7,24,391,3,C18,9,6,1,48,1,1
2682,2008,4,1,8,24,391,1,A4,3,2,2,38,2,1
2683,2008,4,1,9,24,391,1,A17,2,6,1,62,1,1
2684,2008,4,1,10,24,391,2,B4,10,2,1,52,1,1
2685,2008,4,1,11,24,391,2,B23,7,2,1,38,2,2
2686,2008,4,1,12,24,391,2,B32,6,5,1,38,2,2
2687,2008,4,1,13,24,391,2,B27,2,3,1,57,1,2
2688,2008,4,1,14,24,391,2,B31,9,5,1,57,1,2
2689,2008,4,1,15,24,391,2,B16,12,6,1,52,1,1
2690,2008,4,1,16,24,391,3,C2,12,1,1,43,1,1
2691,2008,4,1,17,24,391,3,C37,2,1,1,43,1,3
2692,2008,4,1,1,9,392,1,A15,14,5,2,33,2,1
2693,2008,4,1,2,9,392,1,A11,3,4,1,62,1,1
2694,2008,4,1,3,9,392,1,A18,4,6,1,38,2,1
2695,2008,4,1,1,29,393,3,C35,9,6,1,50,1,2
2696,2008,4,1,1,29,394,1,A1,8,1,1,28,2,1
2697,2008,4,1,2,29,394,1,A3,3,1,1,72,1,1
2698,2008,4,1,3,29,394,1,A5,3,2,1,43,2,1
2699,2008,4,1,4,29,394,1,A13,1,5,1,28,2,1
2700,2008,4,1,5,29,394,2,B4,10,2,1,52,1,1
2701,2008,4,1,6,29,394,4,P15,4,5,2,38,1,1
2702,2008,4,1,1,24,395,3,C2,12,1,1,43,1,1
2703,2008,4,1,2,24,395,3,C5,11,2,1,48,1,1
2704,2008,4,1,3,24,395,3,C7,13,3,1,48,1,1
2705,2008,4,1,4,24,395,3,C21,14,1,1,57,1,2
2706,2008,4,1,5,24,395,3,C25,2,3,1,33,2,2
2707,2008,4,1,6,24,395,2,B4,10,2,1,52,1,1
2708,2008,4,1,7,24,395,2,B16,12,6,1,52,1,1
2709,2008,4,1,8,24,395,1,A16,1,6,1,33,2,1
2710,2008,4,1,9,24,395,1,A4,3,2,2,38,2,1
2711,2008,4,1,1,29,396,3,C21,14,1,1,57,1,2
2712,2008,4,1,1,9,397,1,A4,3,2,2,38,2,1
2713,2008,4,1,2,9,397,1,A15,14,5,2,33,2,1
2714,2008,4,1,3,9,397,1,A12,2,4,1,38,2,1
2715,2008,4,1,4,9,397,1,A11,3,4,1,62,1,1
2716,2008,4,1,5,9,397,1,A3,3,1,1,72,1,1
2717,2008,4,1,6,9,397,1,A22,4,2,1,62,1,2
2718,2008,4,1,1,46,398,2,B2,3,1,2,57,1,1
2719,2008,4,1,1,46,399,3,C2,12,1,1,43,1,1
2720,2008,4,1,1,46,400,2,B5,14,2,2,52,1,1
2721,2008,4,1,1,46,401,3,C1,4,1,2,28,2,1
2722,2008,4,1,1,46,402,1,A2,3,1,1,43,2,1
2723,2008,4,1,1,46,403,1,A12,2,4,1,38,2,1
2724,2008,4,1,1,46,404,2,B6,2,2,1,52,1,1
2725,2008,4,1,1,46,405,1,A17,2,6,1,62,1,1
2726,2008,4,1,1,46,406,3,C5,11,2,1,48,1,1
2727,2008,4,1,1,9,407,2,B10,2,4,1,67,1,1
2728,2008,4,1,1,9,408,2,B27,2,3,1,57,1,2
2729,2008,4,1,2,9,408,2,B29,2,4,1,62,1,2
2730,2008,4,1,3,9,408,3,C32,2,5,1,33,2,2
2731,2008,4,1,4,9,408,1,A15,14,5,2,33,2,1
2732,2008,4,1,5,9,408,2,B22,2,2,1,67,1,2
2733,2008,4,1,6,9,408,1,A26,2,3,1,38,2,2
2734,2008,4,1,7,9,408,1,A37,2,1,1,62,1,3
2735,2008,4,1,8,9,408,2,B10,2,4,1,67,1,1
2736,2008,4,1,9,9,408,2,B22,2,2,1,67,1,2
2737,2008,4,1,10,9,408,3,C18,9,6,1,48,1,1
2738,2008,4,1,11,9,408,3,C7,13,3,1,48,1,1
2739,2008,4,1,12,9,408,1,A15,14,5,2,33,2,1
2740,2008,4,1,13,9,408,1,A34,2,6,1,38,2,2
2741,2008,4,1,14,9,408,1,A22,4,2,1,62,1,2
2742,2008,4,1,15,9,408,1,A37,2,1,1,62,1,3
2743,2008,4,1,1,29,409,3,C17,14,6,1,48,1,1
2744,2008,4,1,1,9,410,1,A4,3,2,2,38,2,1
2745,2008,4,1,1,9,411,1,A15,14,5,2,33,2,1
2746,2008,4,1,2,9,411,1,A18,4,6,1,38,2,1
2747,2008,4,1,3,9,411,1,A26,2,3,1,38,2,2
2748,2008,4,1,4,9,411,1,A24,2,2,1,48,1,2
2749,2008,4,1,5,9,411,1,A27,3,3,1,55,1,2
2750,2008,4,1,6,9,411,1,A31,6,5,2,62,1,2
2751,2008,4,1,7,9,411,1,A29,2,4,1,60,1,2
2752,2008,4,1,1,29,412,1,A21,1,1,1,62,1,2
2753,2008,4,1,1,29,413,1,A18,4,6,1,38,2,1
2754,2008,4,1,2,29,413,2,B15,9,5,1,38,2,1
2755,2008,4,1,3,29,413,2,B6,2,2,1,52,1,1
2756,2008,4,1,1,29,414,1,A2,3,1,1,43,2,1
2757,2008,4,1,2,29,414,3,C35,9,6,1,50,1,2
2758,2008,4,1,3,29,414,3,C48,6,4,1,28,2,3
2759,2008,4,1,4,29,414,1,A2,3,1,1,43,2,1
2760,2008,4,1,1,29,415,2,B14,2,5,1,62,1,1
2761,2008,4,1,2,29,415,2,B14,2,5,1,62,1,1
2762,2008,4,1,3,29,415,2,B3,12,1,1,52,1,1
2763,2008,4,1,4,29,415,2,B5,14,2,2,52,1,1
2764,2008,4,1,1,29,416,1,A11,3,4,1,62,1,1
2765,2008,4,1,2,29,416,1,A5,3,2,1,43,2,1
2766,2008,4,1,3,29,416,1,A8,3,3,1,62,1,1
2767,2008,4,1,4,29,416,1,A7,3,3,1,43,2,1
2768,2008,4,1,5,29,416,1,A9,3,3,1,82,1,1
2769,2008,4,1,6,29,416,1,A27,3,3,1,55,1,2
2770,2008,4,1,7,29,416,1,A31,6,5,2,62,1,2
2771,2008,4,1,8,29,416,2,B14,2,5,1,62,1,1
2772,2008,4,1,9,29,416,2,B8,4,3,2,52,1,1
2773,2008,4,1,10,29,416,2,B1,4,1,1,57,1,1
2774,2008,4,1,11,29,416,3,C11,7,4,1,33,2,1
2775,2008,4,1,12,29,416,3,C21,14,1,1,57,1,2
2776,2008,4,1,13,29,416,3,C33,14,5,1,48,1,2
2777,2008,4,1,14,29,416,4,P2,3,1,1,28,2,1
2778,2008,4,1,15,29,416,4,P5,3,2,1,23,2,1
2779,2008,4,1,1,29,417,1,A3,3,1,1,72,1,1
2780,2008,4,1,2,29,417,1,A2,3,1,1,43,2,1
2781,2008,4,1,3,29,417,1,A5,3,2,1,43,2,1
2782,2008,4,1,4,29,417,1,A6,3,2,1,43,2,1
2783,2008,4,1,5,29,417,1,A7,3,3,1,43,2,1
2784,2008,4,1,6,29,417,1,A8,3,3,1,62,1,1
2785,2008,4,1,7,29,417,1,A9,3,3,1,82,1,1
2786,2008,4,1,8,29,417,1,A10,3,4,1,38,2,1
2787,2008,4,1,9,29,417,1,A11,3,4,1,62,1,1
2788,2008,4,1,10,29,417,1,A12,2,4,1,38,2,1
2789,2008,4,1,11,29,417,1,A33,1,5,1,38,2,2
2790,2008,4,1,12,29,417,1,A30,6,4,1,38,2,2
2791,2008,4,1,13,29,417,1,A31,6,5,2,62,1,2
2792,2008,4,1,14,29,417,1,A3,3,1,1,72,1,1
2793,2008,4,1,15,29,417,1,A2,3,1,1,43,2,1
2794,2008,4,1,16,29,417,1,A1,8,1,1,28,2,1
2795,2008,4,1,17,29,417,1,A4,3,2,2,38,2,1
2796,2008,4,1,18,29,417,1,A5,3,2,1,43,2,1
2797,2008,4,1,19,29,417,1,A7,3,3,1,43,2,1
2798,2008,4,1,20,29,417,1,A3,3,1,1,72,1,1
2799,2008,4,1,21,29,417,1,A9,3,3,1,82,1,1
2800,2008,4,1,22,29,417,1,A10,3,4,1,38,2,1
2801,2008,4,1,23,29,417,4,P15,4,5,2,38,1,1
2802,2008,4,1,24,29,417,4,P1,3,1,1,38,1,1
2803,2008,4,1,25,29,417,4,P5,3,2,1,23,2,1
2804,2008,4,1,26,29,417,4,P48,9,4,2,33,2,3
2805,2008,4,1,27,29,417,4,P38,9,1,1,33,2,3
2806,2008,4,1,28,29,417,4,P42,6,2,2,28,2,3
2807,2008,4,1,29,29,417,4,P61,1,3,2,28,2,4
2808,2008,4,1,30,29,417,4,P72,14,6,1,33,2,4
2809,2008,4,1,31,29,417,4,P77,7,2,1,43,1,5
2810,2008,4,1,1,29,418,2,B25,6,3,1,38,2,2
2811,2008,4,1,2,29,418,2,B32,6,5,1,38,2,2
2812,2008,4,1,1,29,419,1,A14,3,5,1,60,1,1
2813,2008,4,1,2,29,419,1,A17,2,6,1,62,1,1
2814,2008,4,1,1,29,420,1,A1,8,1,1,28,2,1
2815,2008,4,1,2,29,420,1,A9,3,3,1,82,1,1
2816,2008,4,1,3,29,420,1,A4,3,2,2,38,2,1
2817,2008,4,1,4,29,420,1,A12,2,4,1,38,2,1
2818,2008,4,1,5,29,420,1,A13,1,5,1,28,2,1
2819,2008,4,1,6,29,420,1,A14,3,5,1,60,1,1
2820,2008,4,1,7,29,420,1,A17,2,6,1,62,1,1
2821,2008,4,1,8,29,420,1,A23,6,2,2,33,2,2
2822,2008,4,1,9,29,420,1,A31,6,5,2,62,1,2
2823,2008,4,1,10,29,420,2,B11,2,4,1,43,2,1
2824,2008,4,1,11,29,420,2,B6,2,2,1,52,1,1
2825,2008,4,1,12,29,420,2,B27,2,3,1,57,1,2
2826,2008,4,1,13,29,420,3,C21,14,1,1,57,1,2
2827,2008,4,1,14,29,420,3,C7,13,3,1,48,1,1
2828,2008,4,1,15,29,420,3,C5,11,2,1,48,1,1
2829,2008,4,1,16,29,420,3,C9,6,3,1,48,1,1
2830,2008,4,1,17,29,420,3,C12,14,4,1,43,1,1
2831,2008,4,1,18,29,420,3,C24,12,2,1,33,2,2
2832,2008,4,1,19,29,420,3,C25,2,3,1,33,2,2
2833,2008,4,1,20,29,420,3,C53,14,6,1,38,2,3
2834,2008,4,1,21,29,420,3,C50,9,5,2,20,2,3
2835,2008,4,1,22,29,420,3,C56,6,1,2,57,1,4
2836,2008,4,1,23,29,420,2,B4,10,2,1,52,1,1
2837,2008,4,1,24,29,420,2,B2,3,1,2,57,1,1
2838,2008,4,1,25,29,420,2,B34,2,6,1,48,2,2
2839,2008,4,1,26,29,420,2,B27,2,3,1,57,1,2
2840,2008,4,1,1,29,421,1,A1,8,1,1,28,2,1
2841,2008,4,1,2,29,421,1,A7,3,3,1,43,2,1
2842,2008,4,1,3,29,421,1,A9,3,3,1,82,1,1
2843,2008,4,1,4,29,421,1,A10,3,4,1,38,2,1
2844,2008,4,1,1,29,422,2,B8,4,3,2,52,1,1
2845,2008,4,1,2,29,422,2,B10,2,4,1,67,1,1
2846,2008,4,1,3,29,422,2,B14,2,5,1,62,1,1
2847,2008,4,1,4,29,422,2,B27,2,3,1,57,1,2
2848,2008,4,1,5,29,422,2,B24,11,2,1,57,1,2
2849,2008,4,1,6,29,422,1,A2,3,1,1,43,2,1
2850,2008,4,1,7,29,422,4,P5,3,2,1,23,2,1
2851,2008,4,1,8,29,422,4,P16,7,6,1,33,2,1
2852,2008,4,1,9,29,422,4,P23,6,2,2,28,2,2
2853,2008,4,1,10,29,422,4,P21,4,1,1,33,2,2
2854,2008,4,1,11,29,422,4,P49,14,5,1,33,2,3
2855,2008,4,1,12,29,422,4,P55,14,1,2,33,2,4
2856,2008,4,1,13,29,422,4,P56,2,1,1,33,2,4
2857,2008,4,1,14,29,422,4,P70,6,6,2,38,1,4
2858,2008,4,1,1,9,423,3,C2,12,1,1,43,1,1
2859,2008,4,1,2,9,423,3,C3,6,1,2,23,2,1
2860,2008,4,1,3,9,423,3,C45,11,3,1,55,1,3
2861,2008,4,1,4,9,423,3,C34,7,6,1,48,1,2
2862,2008,4,1,5,9,423,3,C30,2,4,2,28,2,2
2863,2008,4,1,6,9,423,3,C11,7,4,1,33,2,1
2864,2008,4,1,1,46,424,1,A2,3,1,1,43,2,1
2865,2008,4,1,2,46,424,1,A3,3,1,1,72,1,1
2866,2008,4,1,3,46,424,1,A5,3,2,1,43,2,1
2867,2008,4,1,4,46,424,1,A7,3,3,1,43,2,1
2868,2008,4,1,5,46,424,1,A8,3,3,1,62,1,1
2869,2008,4,1,6,46,424,1,A10,3,4,1,38,2,1
2870,2008,4,1,7,46,424,3,C6,6,2,1,33,2,1
2871,2008,4,1,8,46,424,3,C12,14,4,1,43,1,1
2872,2008,4,1,9,46,424,3,C33,14,5,1,48,1,2
2873,2008,4,1,10,46,424,3,C42,7,2,1,28,2,3
2874,2008,4,1,1,9,425,1,A1,8,1,1,28,2,1
2875,2008,4,1,2,9,425,1,A3,3,1,1,72,1,1
2876,2008,4,1,3,9,425,1,A5,3,2,1,43,2,1
2877,2008,4,1,4,9,425,1,A15,14,5,2,33,2,1
2878,2008,4,1,5,9,425,1,A12,2,4,1,38,2,1
2879,2008,4,1,6,9,425,1,A10,3,4,1,38,2,1
2880,2008,4,1,7,9,425,3,C2,12,1,1,43,1,1
2881,2008,4,1,8,9,425,2,B13,12,5,2,62,1,1
2882,2008,4,1,1,16,426,1,A5,3,2,1,43,2,1
2883,2008,4,1,2,16,426,1,A8,3,3,1,62,1,1
2884,2008,4,1,3,16,426,1,A6,3,2,1,43,2,1
2885,2008,4,1,4,16,426,1,A7,3,3,1,43,2,1
2886,2008,4,1,5,16,426,1,A3,3,1,1,72,1,1
2887,2008,4,1,6,16,426,1,A10,3,4,1,38,2,1
2888,2008,4,1,7,16,426,1,A8,3,3,1,62,1,1
2889,2008,4,1,8,16,426,1,A5,3,2,1,43,2,1
2890,2008,4,1,1,46,427,1,A10,3,4,1,38,2,1
2891,2008,4,1,2,46,427,2,B12,2,4,1,38,2,1
2892,2008,4,1,3,46,427,2,B14,2,5,1,62,1,1
2893,2008,4,1,1,29,428,4,P1,3,1,1,38,1,1
2894,2008,4,1,2,29,428,4,P2,3,1,1,28,2,1
2895,2008,4,1,3,29,428,4,P6,2,2,1,43,1,1
2896,2008,4,1,4,29,428,4,P16,7,6,1,33,2,1
2897,2008,4,1,5,29,428,4,P15,4,5,2,38,1,1
2898,2008,4,1,1,29,429,3,C1,4,1,2,28,2,1
2899,2008,4,1,2,29,429,3,C4,4,2,1,48,1,1
2900,2008,4,1,3,29,429,3,C14,9,5,1,23,2,1
2901,2008,4,1,4,29,429,2,B4,10,2,1,52,1,1
2902,2008,4,1,5,29,429,2,B1,4,1,1,57,1,1
2903,2008,4,1,6,29,429,2,B5,14,2,2,52,1,1
2904,2008,4,1,7,29,429,1,A11,3,4,1,62,1,1
2905,2008,4,1,8,29,429,1,A12,2,4,1,38,2,1
2906,2008,4,1,1,44,430,1,A12,2,4,1,38,2,1
2907,2008,4,1,1,29,431,1,A5,3,2,1,43,2,1
2908,2008,4,1,2,29,431,4,P1,3,1,1,38,1,1
2909,2008,4,1,1,29,432,2,B4,10,2,1,52,1,1
2910,2008,4,1,1,29,433,1,A30,6,4,1,38,2,2
2911,2008,4,1,2,29,433,1,A19,12,1,2,33,2,2
2912,2008,4,1,3,29,433,1,A1,8,1,1,28,2,1
2913,2008,4,1,4,29,433,1,A5,3,2,1,43,2,1
2914,2008,4,1,5,29,433,2,B15,9,5,1,38,2,1
2915,2008,4,1,6,29,433,2,B13,12,5,2,62,1,1
2916,2008,4,1,7,29,433,2,B19,13,1,1,38,2,2
2917,2008,4,1,8,29,433,2,B23,7,2,1,38,2,2
2918,2008,4,1,9,29,433,2,B24,11,2,1,57,1,2
2919,2008,4,1,10,29,433,2,B26,13,3,1,57,1,2
2920,2008,4,1,11,29,433,2,B30,9,4,1,57,1,2
2921,2008,4,1,12,29,433,2,B31,9,5,1,57,1,2
2922,2008,4,1,13,29,433,2,B32,6,5,1,38,2,2
2923,2008,4,1,14,29,433,3,C14,9,5,1,23,2,1
2924,2008,4,1,15,29,433,3,C47,13,4,2,18,2,3
2925,2008,4,1,16,29,433,4,P6,2,2,1,43,1,1
2926,2008,4,1,17,29,433,4,P16,7,6,1,33,2,1
2927,2008,4,1,18,29,433,4,P51,9,5,1,28,2,3
2928,2008,4,1,19,29,433,4,P61,1,3,2,28,2,4
2929,2008,4,1,20,29,433,4,P67,9,5,1,38,1,4
2930,2008,4,1,21,29,433,4,P57,4,1,1,43,1,4
2931,2008,4,1,1,29,434,3,C34,7,6,1,48,1,2
2932,2008,4,1,2,29,434,4,P33,9,5,1,43,1,2
2933,2008,4,1,1,29,435,1,A7,3,3,1,43,2,1
2934,2008,4,1,2,29,435,1,A26,2,3,1,38,2,2
2935,2008,4,1,3,29,435,4,P33,9,5,1,43,1,2
2936,2008,4,1,4,29,435,4,P33,9,5,1,43,1,2
2937,2008,4,1,5,29,435,2,B22,2,2,1,67,1,2
2938,2008,4,1,6,29,435,2,B10,2,4,1,67,1,1
2939,2008,4,1,1,29,436,1,A4,3,2,2,38,2,1
2940,2008,4,1,1,9,437,1,A1,8,1,1,28,2,1
2941,2008,4,1,2,9,437,3,C35,9,6,1,50,1,2
2942,2008,4,1,3,9,437,3,C49,4,5,2,26,2,3
2943,2008,4,1,1,9,438,1,A10,3,4,1,38,2,1
2944,2008,4,1,2,9,438,1,A9,3,3,1,82,1,1
2945,2008,4,1,1,9,439,1,A2,3,1,1,43,2,1
2946,2008,4,1,2,9,439,1,A2,3,1,1,43,2,1
2947,2008,4,1,3,9,439,1,A3,3,1,1,72,1,1
2948,2008,4,1,4,9,439,1,A1,8,1,1,28,2,1
2949,2008,4,1,1,9,440,2,B5,14,2,2,52,1,1
2950,2008,4,1,2,9,440,2,B6,2,2,1,52,1,1
2951,2008,4,1,3,9,440,2,B5,14,2,2,52,1,1
2952,2008,4,1,1,9,441,1,A11,3,4,1,62,1,1
2953,2008,4,1,2,9,441,1,A1,8,1,1,28,2,1
2954,2008,4,1,3,9,441,1,A4,3,2,2,38,2,1
2955,2008,4,1,4,9,441,1,A15,14,5,2,33,2,1
2956,2008,4,1,5,9,441,1,A14,3,5,1,60,1,1
2957,2008,4,1,6,9,441,2,B24,11,2,1,57,1,2
2958,2008,4,1,7,9,441,2,B25,6,3,1,38,2,2
2959,2008,4,1,8,9,441,2,B27,2,3,1,57,1,2
2960,2008,4,1,9,9,441,2,B27,2,3,1,57,1,2
2961,2008,4,1,1,9,442,2,B17,6,6,2,38,2,1
2962,2008,4,1,1,9,443,2,B23,7,2,1,38,2,2
2963,2008,4,1,2,9,443,2,B23,7,2,1,38,2,2
2964,2008,4,1,3,9,443,3,C30,2,4,2,28,2,2
2965,2008,4,1,4,9,443,3,C34,7,6,1,48,1,2
2966,2008,4,1,5,9,443,3,C50,9,5,2,20,2,3
2967,2008,4,1,6,9,443,3,C48,6,4,1,28,2,3
2968,2008,4,1,1,9,444,2,B3,12,1,1,52,1,1
2969,2008,4,1,2,9,444,2,B16,12,6,1,52,1,1
2970,2008,4,1,3,9,444,2,B12,2,4,1,38,2,1
2971,2008,4,1,4,9,444,2,B17,6,6,2,38,2,1
2972,2008,4,1,5,9,444,2,B3,12,1,1,52,1,1
2973,2008,4,1,6,9,444,2,B13,12,5,2,62,1,1
2974,2008,4,1,1,29,445,3,C12,14,4,1,43,1,1
2975,2008,4,1,2,29,445,4,P60,14,2,1,28,2,4
2976,2008,4,1,1,29,446,1,A30,6,4,1,38,2,2
2977,2008,4,1,2,29,446,2,B4,10,2,1,52,1,1
2978,2008,4,1,3,29,446,2,B9,1,3,1,48,2,1
2979,2008,4,1,1,29,447,1,A16,1,6,1,33,2,1
2980,2008,4,1,2,29,447,3,C11,7,4,1,33,2,1
2981,2008,4,1,1,29,448,3,C5,11,2,1,48,1,1
2982,2008,4,1,2,29,448,3,C18,9,6,1,48,1,1
2983,2008,4,1,1,29,449,4,P1,3,1,1,38,1,1
2984,2008,4,1,2,29,449,4,P12,4,4,1,33,2,1
2985,2008,4,1,1,29,450,4,P60,14,2,1,28,2,4
2986,2008,4,1,1,29,451,4,P3,2,1,1,48,1,1
2987,2008,4,1,2,29,451,4,P14,2,5,2,38,1,1
2988,2008,4,1,3,29,451,4,P18,2,6,1,28,2,1
2989,2008,4,1,4,29,451,4,P19,2,1,1,48,1,2
2990,2008,4,1,5,29,451,4,P23,6,2,2,28,2,2
2991,2008,4,1,6,29,451,4,P26,4,3,1,43,1,2
2992,2008,4,1,7,29,451,4,P35,4,6,1,28,2,2
2993,2008,4,1,8,29,451,4,P35,4,6,1,28,2,2
2994,2008,4,1,9,29,451,4,P36,2,6,1,43,1,2
2995,2008,4,1,10,29,451,4,P10,4,4,2,65,1,1
2996,2008,4,1,11,29,451,4,P16,7,6,1,33,2,1
2997,2008,4,1,12,29,451,2,B4,10,2,1,52,1,1
2998,2008,4,1,13,29,451,2,B14,2,5,1,62,1,1
2999,2008,4,1,14,29,451,2,B34,2,6,1,48,2,2
3000,2008,4,1,15,29,451,2,B26,13,3,1,57,1,2
3001,2008,4,1,16,29,451,1,A17,2,6,1,62,1,1
3002,2008,4,1,1,29,452,3,C10,9,4,2,28,2,1
3003,2008,4,1,2,29,452,1,A11,3,4,1,62,1,1
3004,2008,4,1,1,29,453,1,A1,8,1,1,28,2,1
3005,2008,4,1,2,29,453,4,P14,2,5,2,38,1,1
3006,2008,4,1,3,29,453,1,A1,8,1,1,28,2,1
3007,2008,4,1,4,29,453,1,A1,8,1,1,28,2,1
3008,2008,4,1,1,29,454,4,P50,6,5,2,33,2,3
3009,2008,4,1,2,29,454,4,P48,9,4,2,33,2,3
3010,2008,4,1,3,29,454,4,P47,14,4,1,28,2,3
3011,2008,4,1,4,29,454,4,P55,14,1,2,33,2,4
3012,2008,4,1,5,29,454,4,P6,2,2,1,43,1,1
3013,2008,4,1,6,29,454,4,P16,7,6,1,33,2,1
3014,2008,4,1,7,29,454,2,B23,7,2,1,38,2,2
3015,2008,4,1,8,29,454,4,P16,7,6,1,33,2,1
3016,2008,4,1,9,29,454,4,P16,7,6,1,33,2,1
3017,2008,4,1,1,29,455,1,A5,3,2,1,43,2,1
3018,2008,4,1,2,29,455,2,B6,2,2,1,52,1,1
3019,2008,4,1,1,29,456,1,A41,4,2,1,43,2,3
3020,2008,4,1,2,29,456,2,B22,2,2,1,67,1,2
3021,2008,4,1,3,29,456,3,C59,5,2,2,52,1,4
3022,2008,4,1,4,29,456,4,P2,3,1,1,28,2,1
3023,2008,4,1,5,29,456,4,P80,7,3,1,28,2,5
3024,2008,4,1,6,29,456,1,A5,3,2,1,43,2,1
3025,2008,4,1,7,29,456,2,B5,14,2,2,52,1,1
3026,2008,4,1,8,29,456,3,C4,4,2,1,48,1,1
3027,2008,4,1,9,29,456,2,B2,3,1,2,57,1,1
3028,2008,4,1,10,29,456,1,A1,8,1,1,28,2,1
3029,2008,4,1,11,29,456,2,B4,10,2,1,52,1,1
3030,2008,4,1,12,29,456,2,B5,14,2,2,52,1,1
3031,2008,4,1,13,29,456,2,B5,14,2,2,52,1,1
3032,2008,4,1,14,29,456,3,C5,11,2,1,48,1,1
3033,2008,4,1,15,29,456,4,P5,3,2,1,23,2,1
3034,2008,4,1,1,29,457,1,A2,3,1,1,43,2,1
3035,2008,4,1,2,29,457,2,B4,10,2,1,52,1,1
3036,2008,4,1,1,29,458,3,C42,7,2,1,28,2,3
3037,2008,4,1,2,29,458,3,C49,4,5,2,26,2,3
3038,2008,4,1,1,29,459,1,A6,3,2,1,43,2,1
3039,2008,4,1,2,29,459,1,A18,4,6,1,38,2,1
3040,2008,4,1,3,29,459,1,A12,2,4,1,38,2,1
3041,2008,4,1,4,29,459,2,B29,2,4,1,62,1,2
3042,2008,4,1,5,29,459,2,B31,9,5,1,57,1,2
3043,2008,4,1,6,29,459,2,B4,10,2,1,52,1,1
3044,2008,4,1,7,29,459,4,P1,3,1,1,38,1,1
3045,2008,4,1,8,29,459,4,P14,2,5,2,38,1,1
3046,2008,4,1,9,29,459,4,P15,4,5,2,38,1,1
3047,2008,4,1,1,29,460,1,A4,3,2,2,38,2,1
3048,2008,4,1,2,29,460,1,A11,3,4,1,62,1,1
3049,2008,4,1,3,29,460,1,A15,14,5,2,33,2,1
3050,2008,4,1,4,29,460,1,A17,2,6,1,62,1,1
3051,2008,4,1,5,29,460,2,B24,11,2,1,57,1,2
3052,2008,4,1,6,29,460,2,B32,6,5,1,38,2,2
3053,2008,4,1,7,29,460,2,B31,9,5,1,57,1,2
3054,2008,4,1,8,29,460,3,C29,6,4,2,52,1,2
3055,2008,4,1,9,29,460,3,C50,9,5,2,20,2,3
3056,2008,4,1,10,29,460,3,C40,14,2,2,28,2,3
3057,2008,4,1,11,29,460,3,C40,14,2,2,28,2,3
3058,2008,4,1,12,29,460,1,A1,8,1,1,28,2,1
3059,2008,4,1,13,29,460,3,C9,6,3,1,48,1,1
3060,2008,4,1,1,28,461,4,P23,6,2,2,28,2,2
3061,2008,4,1,2,28,461,4,P50,6,5,2,33,2,3
3062,2008,4,1,3,28,461,1,A8,3,3,1,62,1,1
3063,2008,4,1,4,28,461,1,A8,3,3,1,62,1,1
3064,2008,4,1,1,9,462,1,A5,3,2,1,43,2,1
3065,2008,4,1,2,9,462,1,A7,3,3,1,43,2,1
3066,2008,4,1,3,9,462,1,A2,3,1,1,43,2,1
3067,2008,4,1,4,9,462,1,A13,1,5,1,28,2,1
3068,2008,4,1,5,9,462,1,A16,1,6,1,33,2,1
3069,2008,4,1,6,9,462,1,A15,14,5,2,33,2,1
3070,2008,4,1,7,9,462,1,A11,3,4,1,62,1,1
3071,2008,4,1,8,9,462,1,A17,2,6,1,62,1,1
3072,2008,4,1,9,9,462,1,A18,4,6,1,38,2,1
3073,2008,4,1,10,9,462,1,A21,1,1,1,62,1,2
3074,2008,4,1,11,9,462,1,A33,1,5,1,38,2,2
3075,2008,4,1,12,9,462,1,A21,1,1,1,62,1,2
3076,2008,4,1,13,9,462,1,A13,1,5,1,28,2,1
3077,2008,4,1,14,9,462,1,A33,1,5,1,38,2,2
3078,2008,4,1,15,9,462,1,A34,2,6,1,38,2,2
3079,2008,4,1,16,9,462,1,A21,1,1,1,62,1,2
3080,2008,4,1,17,9,462,1,A22,4,2,1,62,1,2
3081,2008,4,1,18,9,462,1,A28,1,4,2,43,2,2
3082,2008,4,1,19,9,462,1,A22,4,2,1,62,1,2
3083,2008,4,1,20,9,462,1,A21,1,1,1,62,1,2
3084,2008,4,1,21,9,462,1,A36,1,6,1,33,2,2
3085,2008,4,1,22,9,462,1,A31,6,5,2,62,1,2
3086,2008,4,1,23,9,462,1,A32,2,5,1,38,2,2
3087,2008,4,1,24,9,462,1,A33,1,5,1,38,2,2
3088,2008,4,1,25,9,462,1,A21,1,1,1,62,1,2
3089,2008,4,1,26,9,462,1,A16,1,6,1,33,2,1
3090,2008,4,1,27,9,462,1,A11,3,4,1,62,1,1
3091,2008,4,1,28,9,462,1,A16,1,6,1,33,2,1
3092,2008,4,1,29,9,462,1,A13,1,5,1,28,2,1
3093,2008,4,1,30,9,462,1,A10,3,4,1,38,2,1
3094,2008,4,1,31,9,462,1,A10,3,4,1,38,2,1
3095,2008,4,1,32,9,462,1,A21,1,1,1,62,1,2
3096,2008,4,1,33,9,462,1,A32,2,5,1,38,2,2
3097,2008,4,1,34,9,462,2,B10,2,4,1,67,1,1
3098,2008,4,1,35,9,462,2,B15,9,5,1,38,2,1
3099,2008,4,1,36,9,462,2,B31,9,5,1,57,1,2
3100,2008,4,1,37,9,462,2,B30,9,4,1,57,1,2
3101,2008,4,1,38,9,462,2,B19,13,1,1,38,2,2
3102,2008,4,1,39,9,462,1,A13,1,5,1,28,2,1
3103,2008,4,1,40,9,462,1,A21,1,1,1,62,1,2
3104,2008,4,1,1,29,463,4,P24,6,2,1,43,1,2
3105,2008,4,1,2,29,463,4,P34,9,6,2,48,1,2
3106,2008,4,1,3,29,463,4,P41,9,2,2,43,1,3
3107,2008,4,1,4,29,463,4,P65,9,4,2,43,1,4
3108,2008,4,1,5,29,463,4,P75,7,1,1,33,2,5
3109,2008,4,1,6,29,463,4,P74,12,1,2,33,2,5
3110,2008,4,1,1,9,464,1,A3,3,1,1,72,1,1
3111,2008,4,1,2,9,464,1,A4,3,2,2,38,2,1
3112,2008,4,1,3,9,464,1,A6,3,2,1,43,2,1
3113,2008,4,1,4,9,464,1,A9,3,3,1,82,1,1
3114,2008,4,1,5,9,464,2,B32,6,5,1,38,2,2
3115,2008,4,1,6,9,464,3,C5,11,2,1,48,1,1
3116,2008,4,1,1,29,465,4,P16,7,6,1,33,2,1
3117,2008,4,1,2,29,465,4,P17,2,6,2,38,1,1
3118,2008,4,1,3,29,465,2,B4,10,2,1,52,1,1
3119,2008,4,1,4,29,465,2,B16,12,6,1,52,1,1
3120,2008,4,1,5,29,465,2,B1,4,1,1,57,1,1
3121,2008,4,1,1,29,466,3,C13,9,5,1,48,1,1
3122,2008,4,1,2,29,466,3,C5,11,2,1,48,1,1
3123,2008,4,1,3,29,466,4,P21,4,1,1,33,2,2
3124,2008,4,1,4,29,466,4,P19,2,1,1,48,1,2
3125,2008,4,1,5,29,466,1,A4,3,2,2,38,2,1
3126,2008,4,1,6,29,466,1,A5,3,2,1,43,2,1
3127,2008,4,1,7,29,466,1,A7,3,3,1,43,2,1
3128,2008,4,1,8,29,466,1,A9,3,3,1,82,1,1
3129,2008,4,1,9,29,466,1,A15,14,5,2,33,2,1
3130,2008,4,1,10,29,466,1,A16,1,6,1,33,2,1
3131,2008,4,1,11,29,466,1,A17,2,6,1,62,1,1
3132,2008,4,1,12,29,466,1,A17,2,6,1,62,1,1
3133,2008,4,1,1,29,467,1,A11,3,4,1,62,1,1
3134,2008,4,1,2,29,467,1,A2,3,1,1,43,2,1
3135,2008,4,1,1,29,468,3,C9,6,3,1,48,1,1
3136,2008,4,1,1,29,469,3,C58,14,2,2,48,1,4
3137,2008,4,1,2,29,469,3,C59,5,2,2,52,1,4
3138,2008,4,1,3,29,469,3,C53,14,6,1,38,2,3
3139,2008,4,1,4,29,469,3,C41,13,2,1,28,2,3
3140,2008,4,1,1,44,470,2,B1,4,1,1,57,1,1
3141,2008,4,1,2,44,470,2,B2,3,1,2,57,1,1
3142,2008,4,1,3,44,470,4,P19,2,1,1,48,1,2
3143,2008,4,1,1,29,471,2,B16,12,6,1,52,1,1
3144,2008,4,1,2,29,471,2,B26,13,3,1,57,1,2
3145,2008,4,1,3,29,471,2,B27,2,3,1,57,1,2
3146,2008,4,1,4,29,471,2,B31,9,5,1,57,1,2
3147,2008,4,1,5,29,471,2,B32,6,5,1,38,2,2
3148,2008,4,1,1,29,472,1,A31,6,5,2,62,1,2
3149,2008,4,1,2,29,472,2,B30,9,4,1,57,1,2
3150,2008,4,1,3,29,472,2,B31,9,5,1,57,1,2
3151,2008,4,1,4,29,472,3,C13,9,5,1,48,1,1
3152,2008,4,1,5,29,472,4,P1,3,1,1,38,1,1
3153,2008,4,1,6,29,472,4,P49,14,5,1,33,2,3
3154,2008,4,1,7,29,472,4,P51,9,5,1,28,2,3
3155,2008,4,1,8,29,472,2,B31,9,5,1,57,1,2
3156,2008,4,1,1,29,473,3,C6,6,2,1,33,2,1
3157,2008,4,1,2,29,473,3,C6,6,2,1,33,2,1
3158,2008,4,1,3,29,473,3,C5,11,2,1,48,1,1
3159,2008,4,1,4,29,473,3,C6,6,2,1,33,2,1
3160,2008,4,1,5,29,473,3,C6,6,2,1,33,2,1
3161,2008,4,1,6,29,473,3,C5,11,2,1,48,1,1
3162,2008,4,1,1,29,474,3,C19,12,1,1,48,1,2
3163,2008,4,1,2,29,474,3,C28,2,4,2,48,1,2
3164,2008,4,1,3,29,474,3,C44,14,3,1,55,1,3
3165,2008,4,1,4,29,474,3,C45,11,3,1,55,1,3
3166,2008,4,1,5,29,474,2,B13,12,5,2,62,1,1
3167,2008,4,1,6,29,474,2,B10,2,4,1,67,1,1
3168,2008,4,1,7,29,474,3,C22,11,2,2,43,1,2
3169,2008,4,1,8,29,474,3,C32,2,5,1,33,2,2
3170,2008,4,1,9,29,474,3,C44,14,3,1,55,1,3
3171,2008,4,1,1,29,475,1,A4,3,2,2,38,2,1
3172,2008,4,1,2,29,475,1,A31,6,5,2,62,1,2
3173,2008,4,1,1,29,476,1,A21,1,1,1,62,1,2
3174,2008,4,1,2,29,476,3,C6,6,2,1,33,2,1
3175,2008,4,1,3,29,476,3,C40,14,2,2,28,2,3
3176,2008,4,1,4,29,476,2,B31,9,5,1,57,1,2
3177,2008,4,1,1,9,477,3,C26,14,3,1,28,2,2
3178,2008,4,1,2,9,477,1,A19,12,1,2,33,2,2
3179,2008,4,1,3,9,477,1,A35,14,6,2,33,2,2
3180,2008,4,1,4,9,477,1,A15,14,5,2,33,2,1
3181,2008,4,2,1,29,478,3,C5,11,2,1,48,1,1
3182,2008,4,2,2,29,478,3,C17,14,6,1,48,1,1
3183,2008,4,2,3,29,478,3,C12,14,4,1,43,1,1
3184,2008,4,2,4,29,478,3,C2,12,1,1,43,1,1
3185,2008,4,2,5,29,478,3,C1,4,1,2,28,2,1
3186,2008,4,2,6,29,478,3,C2,12,1,1,43,1,1
3187,2008,4,2,7,29,478,2,B13,12,5,2,62,1,1
3188,2008,4,2,8,29,478,2,B16,12,6,1,52,1,1
3189,2008,4,2,9,29,478,2,B11,2,4,1,43,2,1
3190,2008,4,2,10,29,478,2,B14,2,5,1,62,1,1
3191,2008,4,2,11,29,478,1,A8,3,3,1,62,1,1
3192,2008,4,2,12,29,478,1,A15,14,5,2,33,2,1
3193,2008,4,2,13,29,478,3,C1,4,1,2,28,2,1
3194,2008,4,2,14,29,478,2,B16,12,6,1,52,1,1
3195,2008,4,2,15,29,478,2,B15,9,5,1,38,2,1
3196,2008,4,2,16,29,478,3,C17,14,6,1,48,1,1
3197,2008,4,2,1,29,479,1,A5,3,2,1,43,2,1
3198,2008,4,2,2,29,479,3,C29,6,4,2,52,1,2
3199,2008,4,2,3,29,479,3,C56,6,1,2,57,1,4
3200,2008,4,2,4,29,479,1,A42,6,2,1,28,2,3
3201,2008,4,2,1,29,480,4,P16,7,6,1,33,2,1
3202,2008,4,2,2,29,480,4,P33,9,5,1,43,1,2
3203,2008,4,2,3,29,480,4,P49,14,5,1,33,2,3
3204,2008,4,2,4,29,480,2,B10,2,4,1,67,1,1
3205,2008,4,2,5,29,480,2,B13,12,5,2,62,1,1
3206,2008,4,2,6,29,480,2,B15,9,5,1,38,2,1
3207,2008,4,2,7,29,480,4,P16,7,6,1,33,2,1
3208,2008,4,2,1,29,481,1,A4,3,2,2,38,2,1
3209,2008,4,2,2,29,481,1,A14,3,5,1,60,1,1
3210,2008,4,2,3,29,481,1,A20,2,1,2,38,2,2
3211,2008,4,2,4,29,481,1,A22,4,2,1,62,1,2
3212,2008,4,2,5,29,481,1,A27,3,3,1,55,1,2
3213,2008,4,2,6,29,481,3,C17,14,6,1,48,1,1
3214,2008,4,2,7,29,481,3,C22,11,2,2,43,1,2
3215,2008,4,2,8,29,481,3,C38,13,1,1,38,2,3
3216,2008,4,2,9,29,481,4,P3,2,1,1,48,1,1
3217,2008,4,2,10,29,481,4,P42,6,2,2,28,2,3
3218,2008,4,2,11,29,481,4,P57,4,1,1,43,1,4
3219,2008,4,2,12,29,481,4,P61,1,3,2,28,2,4
3220,2008,4,2,1,29,482,1,A12,2,4,1,38,2,1
3221,2008,4,2,2,29,482,1,A5,3,2,1,43,2,1
3222,2008,4,2,3,29,482,1,A6,3,2,1,43,2,1
3223,2008,4,2,4,29,482,1,A3,3,1,1,72,1,1
3224,2008,4,2,5,29,482,1,A5,3,2,1,43,2,1
3225,2008,4,2,6,29,482,1,A10,3,4,1,38,2,1
3226,2008,4,2,7,29,482,4,P1,3,1,1,38,1,1
3227,2008,4,2,8,29,482,4,P2,3,1,1,28,2,1
3228,2008,4,2,9,29,482,4,P27,6,3,2,33,2,2
3229,2008,4,2,10,29,482,4,P56,2,1,1,33,2,4
3230,2008,4,2,1,29,483,3,C17,14,6,1,48,1,1
3231,2008,4,2,2,29,483,3,C7,13,3,1,48,1,1
3232,2008,4,2,3,29,483,3,C56,6,1,2,57,1,4
3233,2008,4,2,1,9,484,3,C2,12,1,1,43,1,1
3234,2008,4,2,2,9,484,3,C4,4,2,1,48,1,1
3235,2008,4,2,3,9,484,3,C24,12,2,1,33,2,2
3236,2008,4,2,4,9,484,3,C25,2,3,1,33,2,2
3237,2008,4,2,5,9,484,3,C30,2,4,2,28,2,2
3238,2008,4,2,1,9,485,1,A21,1,1,1,62,1,2
3239,2008,4,2,2,9,485,1,A26,2,3,1,38,2,2
3240,2008,4,2,3,9,485,1,A41,4,2,1,43,2,3
3241,2008,4,2,4,9,485,3,C2,12,1,1,43,1,1
3242,2008,4,2,5,9,485,3,C7,13,3,1,48,1,1
3243,2008,4,2,6,9,485,3,C8,2,3,2,48,1,1
3244,2008,4,2,7,9,485,3,C14,9,5,1,23,2,1
3245,2008,4,2,8,9,485,3,C17,14,6,1,48,1,1
3246,2008,4,2,9,9,485,3,C24,12,2,1,33,2,2
3247,2008,4,2,10,9,485,3,C29,6,4,2,52,1,2
3248,2008,4,2,11,9,485,3,C35,9,6,1,50,1,2
3249,2008,4,2,12,9,485,3,C40,14,2,2,28,2,3
3250,2008,4,2,13,9,485,3,C48,6,4,1,28,2,3
3251,2008,4,2,14,9,485,3,C46,2,4,1,48,1,3
3252,2008,4,2,15,9,485,3,C49,4,5,2,26,2,3
3253,2008,4,2,16,9,485,2,B1,4,1,1,57,1,1
3254,2008,4,2,17,9,485,2,B31,9,5,1,57,1,2
3255,2008,4,2,1,29,486,1,A4,3,2,2,38,2,1
3256,2008,4,2,2,29,486,1,A6,3,2,1,43,2,1
3257,2008,4,2,3,29,486,1,A15,14,5,2,33,2,1
3258,2008,4,2,4,29,486,1,A12,2,4,1,38,2,1
3259,2008,4,2,5,29,486,1,A25,1,3,1,38,2,2
3260,2008,4,2,6,29,486,1,A31,6,5,2,62,1,2
3261,2008,4,2,7,29,486,1,A42,6,2,1,28,2,3
3262,2008,4,2,8,29,486,3,C20,13,1,2,48,1,2
3263,2008,4,2,9,29,486,4,P82,6,4,2,48,1,5
3264,2008,4,2,10,29,486,4,P1,3,1,1,38,1,1
3265,2008,4,2,11,29,486,4,P1,3,1,1,38,1,1
3266,2008,4,2,12,29,486,4,P16,7,6,1,33,2,1
3267,2008,4,2,13,29,486,2,B4,10,2,1,52,1,1
3268,2008,4,2,14,29,486,2,B11,2,4,1,43,2,1
3269,2008,4,2,15,29,486,2,B15,9,5,1,38,2,1
3270,2008,4,2,1,29,487,3,C30,2,4,2,28,2,2
3271,2008,4,2,2,29,487,3,C8,2,3,2,48,1,1
3272,2008,4,2,3,29,487,4,P17,2,6,2,38,1,1
3273,2008,4,2,4,29,487,4,P12,4,4,1,33,2,1
3274,2008,4,2,5,29,487,2,B27,2,3,1,57,1,2
3275,2008,4,2,1,29,488,4,P5,3,2,1,23,2,1
3276,2008,4,2,2,29,488,4,P5,3,2,1,23,2,1
3277,2008,4,2,3,29,488,1,A4,3,2,2,38,2,1
3278,2008,4,2,4,29,488,1,A15,14,5,2,33,2,1
3279,2008,4,2,5,29,488,1,A21,1,1,1,62,1,2
3280,2008,4,2,6,29,488,1,A23,6,2,2,33,2,2
3281,2008,4,2,7,29,488,1,A29,2,4,1,60,1,2
3282,2008,4,2,8,29,488,3,C9,6,3,1,48,1,1
3283,2008,4,2,9,29,488,3,C8,2,3,2,48,1,1
3284,2008,4,2,10,29,488,3,C29,6,4,2,52,1,2
3285,2008,4,2,1,9,489,2,B3,12,1,1,52,1,1
3286,2008,4,2,2,9,489,2,B9,1,3,1,48,2,1
3287,2008,4,2,3,9,489,2,B7,6,3,1,38,2,1
3288,2008,4,2,4,9,489,2,B6,2,2,1,52,1,1
3289,2008,4,2,5,9,489,1,A36,1,6,1,33,2,2
3290,2008,4,2,1,46,490,1,A2,3,1,1,43,2,1
3291,2008,4,2,2,46,490,1,A2,3,1,1,43,2,1
3292,2008,4,2,3,46,490,1,A3,3,1,1,72,1,1
3293,2008,4,2,4,46,490,1,A5,3,2,1,43,2,1
3294,2008,4,2,5,46,490,1,A10,3,4,1,38,2,1
3295,2008,4,2,6,46,490,1,A10,3,4,1,38,2,1
3296,2008,4,2,7,46,490,1,A9,3,3,1,82,1,1
3297,2008,4,2,8,46,490,1,A9,3,3,1,82,1,1
3298,2008,4,2,9,46,490,1,A7,3,3,1,43,2,1
3299,2008,4,2,10,46,490,1,A7,3,3,1,43,2,1
3300,2008,4,2,11,46,490,1,A8,3,3,1,62,1,1
3301,2008,4,2,12,46,490,1,A8,3,3,1,62,1,1
3302,2008,4,2,13,46,490,1,A10,3,4,1,38,2,1
3303,2008,4,2,1,29,491,2,B10,2,4,1,67,1,1
3304,2008,4,2,1,29,492,3,C29,6,4,2,52,1,2
3305,2008,4,2,2,29,492,3,C40,14,2,2,28,2,3
3306,2008,4,2,3,29,492,4,P43,7,3,2,38,1,3
3307,2008,4,2,1,9,493,2,B1,4,1,1,57,1,1
3308,2008,4,2,2,9,493,2,B2,3,1,2,57,1,1
3309,2008,4,2,3,9,493,2,B3,12,1,1,52,1,1
3310,2008,4,2,4,9,493,2,B4,10,2,1,52,1,1
3311,2008,4,2,5,9,493,2,B5,14,2,2,52,1,1
3312,2008,4,2,6,9,493,2,B6,2,2,1,52,1,1
3313,2008,4,2,7,9,493,2,B7,6,3,1,38,2,1
3314,2008,4,2,8,9,493,2,B8,4,3,2,52,1,1
3315,2008,4,2,9,9,493,2,B9,1,3,1,48,2,1
3316,2008,4,2,10,9,493,2,B10,2,4,1,67,1,1
3317,2008,4,2,11,9,493,2,B11,2,4,1,43,2,1
3318,2008,4,2,12,9,493,2,B12,2,4,1,38,2,1
3319,2008,4,2,13,9,493,2,B13,12,5,2,62,1,1
3320,2008,4,2,14,9,493,2,B14,2,5,1,62,1,1
3321,2008,4,2,15,9,493,2,B15,9,5,1,38,2,1
3322,2008,4,2,16,9,493,2,B16,12,6,1,52,1,1
3323,2008,4,2,17,9,493,2,B17,6,6,2,38,2,1
3324,2008,4,2,18,9,493,2,B19,13,1,1,38,2,2
3325,2008,4,2,19,9,493,2,B23,7,2,1,38,2,2
3326,2008,4,2,20,9,493,2,B31,9,5,1,57,1,2
3327,2008,4,2,21,9,493,2,B30,9,4,1,57,1,2
3328,2008,4,2,22,9,493,3,C4,4,2,1,48,1,1
3329,2008,4,2,23,9,493,3,C22,11,2,2,43,1,2
3330,2008,4,2,24,9,493,3,C49,4,5,2,26,2,3
3331,2008,4,2,25,9,493,3,C57,5,1,2,33,2,4
3332,2008,4,2,1,29,494,2,B4,10,2,1,52,1,1
3333,2008,4,2,2,29,494,2,B3,12,1,1,52,1,1
3334,2008,4,2,3,29,494,2,B11,2,4,1,43,2,1
3335,2008,4,2,1,9,495,1,A1,8,1,1,28,2,1
3336,2008,4,2,2,9,495,1,A7,3,3,1,43,2,1
3337,2008,4,2,3,9,495,3,C17,14,6,1,48,1,1
3338,2008,4,2,1,9,496,1,A8,3,3,1,62,1,1
3339,2008,4,2,2,9,496,1,A1,8,1,1,28,2,1
3340,2008,4,2,1,29,497,1,A15,14,5,2,33,2,1
3341,2008,4,2,2,29,497,1,A21,1,1,1,62,1,2
3342,2008,4,2,3,29,497,1,A41,4,2,1,43,2,3
3343,2008,4,2,1,24,498,2,B14,2,5,1,62,1,1
3344,2008,4,2,2,24,498,2,B11,2,4,1,43,2,1
3345,2008,4,2,3,24,498,2,B31,9,5,1,57,1,2
3346,2008,4,2,4,24,498,2,B30,9,4,1,57,1,2
3347,2008,4,2,5,24,498,2,B22,2,2,1,67,1,2
3348,2008,4,2,6,24,498,2,B29,2,4,1,62,1,2
3349,2008,4,2,7,24,498,2,B27,2,3,1,57,1,2
3350,2008,4,2,8,24,498,2,B26,13,3,1,57,1,2
3351,2008,4,2,9,24,498,2,B20,8,1,1,43,2,2
3352,2008,4,2,10,24,498,2,B32,6,5,1,38,2,2
3353,2008,4,2,11,24,498,2,B15,9,5,1,38,2,1
3354,2008,4,2,12,24,498,2,B10,2,4,1,67,1,1
3355,2008,4,2,13,24,498,2,B4,10,2,1,52,1,1
3356,2008,4,2,14,24,498,3,C3,6,1,2,23,2,1
3357,2008,4,2,15,24,498,3,C59,5,2,2,52,1,4
3358,2008,4,2,16,24,498,3,C56,6,1,2,57,1,4
3359,2008,4,2,17,24,498,3,C39,6,1,1,77,1,3
3360,2008,4,2,18,24,498,3,C52,2,6,1,38,2,3
3361,2008,4,2,19,24,498,3,C49,4,5,2,26,2,3
3362,2008,4,2,20,24,498,3,C32,2,5,1,33,2,2
3363,2008,4,2,21,24,498,3,C56,6,1,2,57,1,4
3364,2008,4,2,22,24,498,3,C57,5,1,2,33,2,4
3365,2008,4,2,23,24,498,2,B2,3,1,2,57,1,1
3366,2008,4,2,1,29,499,4,P20,7,1,1,23,2,2
3367,2008,4,2,2,29,499,4,P20,7,1,1,23,2,2
3368,2008,4,2,1,9,500,2,B2,3,1,2,57,1,1
3369,2008,4,2,2,9,500,2,B16,12,6,1,52,1,1
3370,2008,4,2,1,29,501,2,B4,10,2,1,52,1,1
3371,2008,4,2,2,29,501,2,B3,12,1,1,52,1,1
3372,2008,4,2,3,29,501,2,B5,14,2,2,52,1,1
3373,2008,4,2,4,29,501,2,B6,2,2,1,52,1,1
3374,2008,4,2,5,29,501,2,B7,6,3,1,38,2,1
3375,2008,4,2,6,29,501,2,B8,4,3,2,52,1,1
3376,2008,4,2,7,29,501,2,B17,6,6,2,38,2,1
3377,2008,4,2,8,29,501,2,B10,2,4,1,67,1,1
3378,2008,4,2,9,29,501,2,B12,2,4,1,38,2,1
3379,2008,4,2,10,29,501,2,B13,12,5,2,62,1,1
3380,2008,4,2,11,29,501,2,B15,9,5,1,38,2,1
3381,2008,4,2,12,29,501,3,C4,4,2,1,48,1,1
3382,2008,4,2,13,29,501,3,C1,4,1,2,28,2,1
3383,2008,4,2,14,29,501,1,A7,3,3,1,43,2,1
3384,2008,4,2,15,29,501,1,A15,14,5,2,33,2,1
3385,2008,4,2,16,29,501,1,A4,3,2,2,38,2,1
3386,2008,4,2,17,29,501,1,A7,3,3,1,43,2,1
3387,2008,4,2,18,29,501,1,A12,2,4,1,38,2,1
3388,2008,4,2,19,29,501,1,A17,2,6,1,62,1,1
3389,2008,4,2,20,29,501,1,A10,3,4,1,38,2,1
3390,2008,4,2,21,29,501,1,A13,1,5,1,28,2,1
3391,2008,4,2,22,29,501,1,A5,3,2,1,43,2,1
3392,2008,4,2,23,29,501,2,B19,13,1,1,38,2,2
3393,2008,4,2,24,29,501,2,B24,11,2,1,57,1,2
3394,2008,4,2,25,29,501,2,B34,2,6,1,48,2,2
3395,2008,4,2,26,29,501,1,A21,1,1,1,62,1,2
3396,2008,4,2,27,29,501,1,A33,1,5,1,38,2,2
3397,2008,4,2,28,29,501,1,A31,6,5,2,62,1,2
3398,2008,4,2,29,29,501,1,A34,2,6,1,38,2,2
3399,2008,4,2,30,29,501,1,A43,2,3,1,62,1,3
3400,2008,4,2,31,29,501,1,A40,4,2,2,38,2,3
3401,2008,4,2,1,29,502,4,P1,3,1,1,38,1,1
3402,2008,4,2,2,29,502,4,P1,3,1,1,38,1,1
3403,2008,4,2,1,9,503,2,B10,2,4,1,67,1,1
3404,2008,4,2,2,9,503,2,B13,12,5,2,62,1,1
3405,2008,4,2,3,9,503,1,A12,2,4,1,38,2,1
3406,2008,4,2,4,9,503,3,C1,4,1,2,28,2,1
3407,2008,4,2,5,9,503,3,C14,9,5,1,23,2,1
3408,2008,4,2,6,9,503,3,C7,13,3,1,48,1,1
3409,2008,4,2,1,9,504,1,A33,1,5,1,38,2,2
3410,2008,4,2,2,9,504,2,B4,10,2,1,52,1,1
3411,2008,4,2,3,9,504,2,B15,9,5,1,38,2,1
3412,2008,4,2,4,9,504,2,B23,7,2,1,38,2,2
3413,2008,4,2,5,9,504,2,B24,11,2,1,57,1,2
3414,2008,4,2,6,9,504,2,B34,2,6,1,48,2,2
3415,2008,4,2,1,29,505,2,B13,12,5,2,62,1,1
3416,2008,4,2,2,29,505,2,B15,9,5,1,38,2,1
3417,2008,4,2,3,29,505,2,B16,12,6,1,52,1,1
3418,2008,4,2,4,29,505,2,B16,12,6,1,52,1,1
3419,2008,4,2,5,29,505,4,P16,7,6,1,33,2,1
3420,2008,4,2,1,24,506,1,A22,4,2,1,62,1,2
3421,2008,4,2,2,24,506,1,A22,4,2,1,62,1,2
3422,2008,4,2,3,24,506,1,A38,6,1,1,62,1,3
3423,2008,4,2,4,24,506,1,A39,4,1,1,38,2,3
3424,2008,4,2,1,29,507,3,C34,7,6,1,48,1,2
3425,2008,4,2,2,29,507,3,C35,9,6,1,50,1,2
3426,2008,4,2,3,29,507,3,C29,6,4,2,52,1,2
3427,2008,4,2,1,10,508,3,C29,6,4,2,52,1,2
3428,2008,4,2,2,10,508,3,C50,9,5,2,20,2,3
3429,2008,4,2,3,10,508,3,C54,14,6,1,57,1,3
3430,2008,4,2,4,10,508,3,C40,14,2,2,28,2,3
3431,2008,4,2,5,10,508,1,A4,3,2,2,38,2,1
3432,2008,4,2,6,10,508,1,A16,1,6,1,33,2,1
3433,2008,4,2,7,10,508,1,A33,1,5,1,38,2,2
3434,2008,4,2,8,10,508,1,A42,6,2,1,28,2,3
3435,2008,4,2,9,10,508,2,B4,10,2,1,52,1,1
3436,2008,4,2,10,10,508,2,B23,7,2,1,38,2,2
3437,2008,4,2,1,29,509,2,B17,6,6,2,38,2,1
3438,2008,4,2,2,29,509,2,B10,2,4,1,67,1,1
3439,2008,4,2,3,29,509,2,B32,6,5,1,38,2,2
3440,2008,4,2,4,29,509,2,B28,9,4,1,38,2,2
3441,2008,4,2,5,29,509,2,B28,9,4,1,38,2,2
3442,2008,4,2,1,46,510,1,A15,14,5,2,33,2,1
3443,2008,4,2,2,46,510,1,A15,14,5,2,33,2,1
3444,2008,4,2,1,9,511,1,A1,8,1,1,28,2,1
3445,2008,4,2,2,9,511,1,A16,1,6,1,33,2,1
3446,2008,4,2,3,9,511,3,C17,14,6,1,48,1,1
3447,2008,4,2,4,9,511,3,C7,13,3,1,48,1,1
3448,2008,4,2,1,29,512,3,C48,6,4,1,28,2,3
3449,2008,4,2,2,29,512,3,C41,13,2,1,28,2,3
3450,2008,4,2,3,29,512,4,P15,4,5,2,38,1,1
3451,2008,4,2,4,29,512,4,P33,9,5,1,43,1,2
3452,2008,4,2,5,29,512,4,P65,9,4,2,43,1,4
3453,2008,4,2,6,29,512,4,P65,9,4,2,43,1,4
3454,2008,4,2,7,29,512,3,C11,7,4,1,33,2,1
3455,2008,4,2,8,29,512,4,P65,9,4,2,43,1,4
3456,2008,4,2,9,29,512,4,P65,9,4,2,43,1,4
3457,2008,4,2,10,29,512,4,P65,9,4,2,43,1,4
3458,2008,4,2,11,29,512,4,P65,9,4,2,43,1,4
3459,2008,4,2,12,29,512,4,P65,9,4,2,43,1,4
3460,2008,4,2,13,29,512,4,P65,9,4,2,43,1,4
3461,2008,4,2,14,29,512,1,A9,3,3,1,82,1,1
3462,2008,4,2,15,29,512,2,B13,12,5,2,62,1,1
3463,2008,4,2,16,29,512,2,B4,10,2,1,52,1,1
3464,2008,4,2,17,29,512,1,A4,3,2,2,38,2,1
3465,2008,4,2,18,29,512,1,A14,3,5,1,60,1,1
3466,2008,4,2,19,29,512,1,A10,3,4,1,38,2,1
3467,2008,4,2,20,29,512,2,B19,13,1,1,38,2,2
3468,2008,4,2,21,29,512,2,B25,6,3,1,38,2,2
3469,2008,4,2,22,29,512,4,P14,2,5,2,38,1,1
3470,2008,4,2,23,29,512,4,P33,9,5,1,43,1,2
3471,2008,4,2,24,29,512,4,P39,14,1,1,43,1,3
3472,2008,4,2,25,29,512,4,P39,14,1,1,43,1,3
3473,2008,4,2,26,29,512,4,P39,14,1,1,43,1,3
3474,2008,4,2,27,29,512,4,P39,14,1,1,43,1,3
3475,2008,4,2,1,29,513,1,A1,8,1,1,28,2,1
3476,2008,4,2,2,29,513,1,A2,3,1,1,43,2,1
3477,2008,4,2,3,29,513,1,A4,3,2,2,38,2,1
3478,2008,4,2,4,29,513,1,A8,3,3,1,62,1,1
3479,2008,4,2,5,29,513,1,A11,3,4,1,62,1,1
3480,2008,4,2,6,29,513,1,A15,14,5,2,33,2,1
3481,2008,4,2,7,29,513,1,A15,14,5,2,33,2,1
3482,2008,4,2,8,29,513,1,A16,1,6,1,33,2,1
3483,2008,4,2,9,29,513,1,A19,12,1,2,33,2,2
3484,2008,4,2,10,29,513,1,A23,6,2,2,33,2,2
3485,2008,4,2,11,29,513,1,A28,1,4,2,43,2,2
3486,2008,4,2,12,29,513,1,A32,2,5,1,38,2,2
3487,2008,4,2,13,29,513,1,A30,6,4,1,38,2,2
3488,2008,4,2,14,29,513,3,C1,4,1,2,28,2,1
3489,2008,4,2,15,29,513,3,C4,4,2,1,48,1,1
3490,2008,4,2,16,29,513,3,C12,14,4,1,43,1,1
3491,2008,4,2,17,29,513,3,C11,7,4,1,33,2,1
3492,2008,4,2,18,29,513,3,C8,2,3,2,48,1,1
3493,2008,4,2,19,29,513,3,C18,9,6,1,48,1,1
3494,2008,4,2,20,29,513,3,C19,12,1,1,48,1,2
3495,2008,4,2,21,29,513,3,C22,11,2,2,43,1,2
3496,2008,4,2,22,29,513,3,C26,14,3,1,28,2,2
3497,2008,4,2,23,29,513,3,C27,11,3,1,48,1,2
3498,2008,4,2,24,29,513,3,C31,12,5,1,33,2,2
3499,2008,4,2,25,29,513,3,C33,14,5,1,48,1,2
3500,2008,4,2,26,29,513,3,C38,13,1,1,38,2,3
3501,2008,4,2,27,29,513,3,C40,14,2,2,28,2,3
3502,2008,4,2,28,29,513,3,C40,14,2,2,28,2,3
3503,2008,4,2,29,29,513,3,C50,9,5,2,20,2,3
3504,2008,4,2,30,29,513,3,C54,14,6,1,57,1,3
3505,2008,4,2,31,29,513,3,C57,5,1,2,33,2,4
3506,2008,4,2,32,29,513,3,C55,13,1,1,48,1,4
3507,2008,4,2,33,29,513,4,P15,4,5,2,38,1,1
3508,2008,4,2,1,29,514,3,C8,2,3,2,48,1,1
3509,2008,4,2,2,29,514,3,C17,14,6,1,48,1,1
3510,2008,4,2,3,29,514,3,C12,14,4,1,43,1,1
3511,2008,4,2,4,29,514,3,C35,9,6,1,50,1,2
3512,2008,4,2,5,29,514,3,C29,6,4,2,52,1,2
3513,2008,4,2,6,29,514,3,C49,4,5,2,26,2,3
3514,2008,4,2,7,29,514,3,C37,2,1,1,43,1,3
3515,2008,4,2,8,29,514,3,C58,14,2,2,48,1,4
3516,2008,4,2,9,29,514,3,C56,6,1,2,57,1,4
3517,2008,4,2,10,29,514,4,P1,3,1,1,38,1,1
3518,2008,4,2,11,29,514,4,P15,4,5,2,38,1,1
3519,2008,4,2,12,29,514,4,P4,4,2,1,38,1,1
3520,2008,4,2,13,29,514,4,P48,9,4,2,33,2,3
3521,2008,4,2,14,29,514,4,P50,6,5,2,33,2,3
3522,2008,4,2,15,29,514,4,P61,1,3,2,28,2,4
3523,2008,4,2,16,29,514,4,P82,6,4,2,48,1,5
3524,2008,4,2,17,29,514,1,A7,3,3,1,43,2,1
3525,2008,4,2,18,29,514,1,A20,2,1,2,38,2,2
3526,2008,4,2,19,29,514,1,A40,4,2,2,38,2,3
3527,2008,4,2,20,29,514,2,B13,12,5,2,62,1,1
3528,2008,4,2,21,29,514,2,B2,3,1,2,57,1,1
3529,2008,4,2,22,29,514,2,B1,4,1,1,57,1,1
3530,2008,4,2,23,29,514,4,P59,2,2,2,38,1,4
3531,2008,4,2,1,41,515,1,A3,3,1,1,72,1,1
3532,2008,4,2,2,41,515,4,P15,4,5,2,38,1,1
3533,2008,4,2,1,29,516,1,A18,4,6,1,38,2,1
3534,2008,4,2,2,29,516,1,A17,2,6,1,62,1,1
3535,2008,4,2,3,29,516,2,B14,2,5,1,62,1,1
3536,2008,4,2,4,29,516,2,B13,12,5,2,62,1,1
3537,2008,4,2,5,29,516,1,A17,2,6,1,62,1,1
3538,2008,4,2,6,29,516,4,P7,4,3,2,28,2,1
3539,2008,4,2,1,24,517,1,A12,2,4,1,38,2,1
3540,2008,4,2,2,24,517,1,A4,3,2,2,38,2,1
3541,2008,4,2,3,24,517,2,B13,12,5,2,62,1,1
3542,2008,4,2,4,24,517,2,B15,9,5,1,38,2,1
3543,2008,4,2,5,24,517,2,B8,4,3,2,52,1,1
3544,2008,4,2,6,24,517,1,A4,3,2,2,38,2,1
3545,2008,4,2,7,24,517,3,C14,9,5,1,23,2,1
3546,2008,4,2,1,9,518,3,C5,11,2,1,48,1,1
3547,2008,4,2,2,9,518,3,C34,7,6,1,48,1,2
3548,2008,4,2,3,9,518,3,C42,7,2,1,28,2,3
3549,2008,4,2,4,9,518,2,B4,10,2,1,52,1,1
3550,2008,4,2,5,9,518,2,B11,2,4,1,43,2,1
3551,2008,4,2,6,9,518,2,B14,2,5,1,62,1,1
3552,2008,4,2,7,9,518,2,B14,2,5,1,62,1,1
3553,2008,4,2,8,9,518,2,B23,7,2,1,38,2,2
3554,2008,4,2,9,9,518,2,B26,13,3,1,57,1,2
3555,2008,4,2,10,9,518,1,A1,8,1,1,28,2,1
3556,2008,4,2,11,9,518,1,A3,3,1,1,72,1,1
3557,2008,4,2,12,9,518,1,A10,3,4,1,38,2,1
3558,2008,4,2,13,9,518,1,A12,2,4,1,38,2,1
3559,2008,4,2,1,9,519,1,A4,3,2,2,38,2,1
3560,2008,4,2,2,9,519,1,A9,3,3,1,82,1,1
3561,2008,4,2,3,9,519,1,A7,3,3,1,43,2,1
3562,2008,4,2,4,9,519,1,A38,6,1,1,62,1,3
3563,2008,4,2,1,9,520,3,C2,12,1,1,43,1,1
3564,2008,4,2,2,9,520,3,C14,9,5,1,23,2,1
3565,2008,4,2,3,9,520,3,C16,13,6,1,28,2,1
3566,2008,4,2,4,9,520,3,C18,9,6,1,48,1,1
3567,2008,4,2,5,9,520,3,C18,9,6,1,48,1,1
3568,2008,4,2,6,9,520,3,C17,14,6,1,48,1,1
3569,2008,4,2,7,9,520,1,A13,1,5,1,28,2,1
3570,2008,4,2,1,24,521,2,B31,9,5,1,57,1,2
3571,2008,4,2,2,24,521,2,B27,2,3,1,57,1,2
3572,2008,4,2,1,29,522,2,B4,10,2,1,52,1,1
3573,2008,4,2,2,29,522,2,B7,6,3,1,38,2,1
3574,2008,4,2,3,29,522,2,B8,4,3,2,52,1,1
3575,2008,4,2,4,29,522,3,C9,6,3,1,48,1,1
3576,2008,4,2,5,29,522,3,C7,13,3,1,48,1,1
3577,2008,4,2,6,29,522,4,P2,3,1,1,28,2,1
3578,2008,4,2,7,29,522,4,P31,2,5,2,33,2,2
3579,2008,4,2,8,29,522,4,P27,6,3,2,33,2,2
3580,2008,4,2,9,29,522,4,P43,7,3,2,38,1,3
3581,2008,4,2,10,29,522,4,P72,14,6,1,33,2,4
3582,2008,4,2,11,29,522,4,P74,12,1,2,33,2,5
3583,2008,4,2,12,29,522,2,B4,10,2,1,52,1,1
3584,2008,4,2,13,29,522,3,C12,14,4,1,43,1,1
3585,2008,4,2,14,29,522,3,C25,2,3,1,33,2,2
3586,2008,4,2,15,29,522,3,C54,14,6,1,57,1,3
3587,2008,4,2,16,29,522,3,C51,6,5,1,20,2,3
3588,2008,4,2,17,29,522,2,B4,10,2,1,52,1,1
3589,2008,4,2,18,29,522,4,P2,3,1,1,28,2,1
3590,2008,4,2,19,29,522,2,B7,6,3,1,38,2,1
3591,2008,4,2,1,29,523,1,A2,3,1,1,43,2,1
3592,2008,4,2,2,29,523,3,C56,6,1,2,57,1,4
3593,2008,4,2,3,29,523,4,P5,3,2,1,23,2,1
3594,2008,4,2,4,29,523,4,P1,3,1,1,38,1,1
3595,2008,4,2,5,29,523,4,P82,6,4,2,48,1,5
3596,2008,4,2,6,29,523,4,P74,12,1,2,33,2,5
3597,2008,4,2,7,29,523,4,P75,7,1,1,33,2,5
3598,2008,4,2,1,29,524,2,B1,4,1,1,57,1,1
3599,2008,4,2,2,29,524,3,C4,4,2,1,48,1,1
3600,2008,4,2,3,29,524,4,P16,7,6,1,33,2,1
3601,2008,4,2,1,29,525,1,A5,3,2,1,43,2,1
3602,2008,4,2,2,29,525,1,A8,3,3,1,62,1,1
3603,2008,4,2,3,29,525,1,A2,3,1,1,43,2,1
3604,2008,4,2,4,29,525,4,P1,3,1,1,38,1,1
3605,2008,4,2,5,29,525,4,P73,11,1,2,33,2,5
3606,2008,4,2,6,29,525,4,P1,3,1,1,38,1,1
3607,2008,4,2,7,29,525,3,C57,5,1,2,33,2,4
3608,2008,4,2,8,29,525,3,C57,5,1,2,33,2,4
3609,2008,4,2,9,29,525,3,C40,14,2,2,28,2,3
3610,2008,4,2,10,29,525,3,C18,9,6,1,48,1,1
3611,2008,4,2,11,29,525,3,C37,2,1,1,43,1,3
3612,2008,4,2,12,29,525,2,B32,6,5,1,38,2,2
3613,2008,4,2,13,29,525,2,B29,2,4,1,62,1,2
3614,2008,4,2,14,29,525,2,B19,13,1,1,38,2,2
3615,2008,4,2,15,29,525,2,B28,9,4,1,38,2,2
3616,2008,4,2,16,29,525,4,P6,2,2,1,43,1,1
3617,2008,4,2,17,29,525,2,B13,12,5,2,62,1,1
3618,2008,4,2,18,29,525,2,B10,2,4,1,67,1,1
3619,2008,4,2,19,29,525,2,B15,9,5,1,38,2,1
3620,2008,4,2,20,29,525,2,B26,13,3,1,57,1,2
3621,2008,4,2,21,29,525,1,A16,1,6,1,33,2,1
3622,2008,4,2,22,29,525,1,A31,6,5,2,62,1,2
3623,2008,4,2,23,29,525,1,A31,6,5,2,62,1,2
3624,2008,4,2,24,29,525,1,A38,6,1,1,62,1,3
3625,2008,4,2,25,29,525,1,A16,1,6,1,33,2,1
3626,2008,4,2,26,29,525,4,P6,2,2,1,43,1,1
3627,2008,4,2,1,29,526,3,C2,12,1,1,43,1,1
3628,2008,4,2,2,29,526,3,C18,9,6,1,48,1,1
3629,2008,4,2,3,29,526,3,C19,12,1,1,48,1,2
3630,2008,4,2,4,29,526,2,B12,2,4,1,38,2,1
3631,2008,4,2,5,29,526,2,B11,2,4,1,43,2,1
3632,2008,4,2,6,29,526,2,B20,8,1,1,43,2,2
3633,2008,4,2,7,29,526,2,B28,9,4,1,38,2,2
3634,2008,4,2,8,29,526,2,B26,13,3,1,57,1,2
3635,2008,4,2,9,29,526,2,B31,9,5,1,57,1,2
3636,2008,4,2,10,29,526,2,B34,2,6,1,48,2,2
3637,2008,4,2,11,29,526,1,A37,2,1,1,62,1,3
3638,2008,4,2,12,29,526,1,A42,6,2,1,28,2,3
3639,2008,4,2,13,29,526,1,A43,2,3,1,62,1,3
3640,2008,4,2,14,29,526,1,A33,1,5,1,38,2,2
3641,2008,4,2,15,29,526,1,A34,2,6,1,38,2,2
3642,2008,4,2,16,29,526,1,A17,2,6,1,62,1,1
3643,2008,4,2,1,29,527,3,C30,2,4,2,28,2,2
3644,2008,4,2,1,29,528,2,B17,6,6,2,38,2,1
3645,2008,4,2,2,29,528,2,B16,12,6,1,52,1,1
3646,2008,4,2,1,29,529,4,P49,14,5,1,33,2,3
3647,2008,4,2,2,29,529,4,P72,14,6,1,33,2,4
3648,2008,4,2,3,29,529,2,B32,6,5,1,38,2,2
3649,2008,4,2,4,29,529,1,A15,14,5,2,33,2,1
3650,2008,4,2,5,29,529,1,A21,1,1,1,62,1,2
3651,2008,4,2,1,29,530,2,B14,2,5,1,62,1,1
3652,2008,4,2,2,29,530,2,B13,12,5,2,62,1,1
3653,2008,4,2,3,29,530,2,B11,2,4,1,43,2,1
3654,2008,4,2,4,29,530,2,B27,2,3,1,57,1,2
3655,2008,4,2,1,29,531,4,P67,9,5,1,38,1,4
3656,2008,4,2,2,29,531,2,B10,2,4,1,67,1,1
3657,2008,4,2,3,29,531,2,B11,2,4,1,43,2,1
3658,2008,4,2,4,29,531,2,B12,2,4,1,38,2,1
3659,2008,4,2,5,29,531,2,B13,12,5,2,62,1,1
3660,2008,4,2,6,29,531,3,C16,13,6,1,28,2,1
3661,2008,4,2,7,29,531,3,C7,13,3,1,48,1,1
3662,2008,4,2,8,29,531,3,C19,12,1,1,48,1,2
3663,2008,4,2,9,29,531,3,C7,13,3,1,48,1,1
3664,2008,4,2,10,29,531,2,B14,2,5,1,62,1,1
3665,2008,4,2,11,29,531,1,A2,3,1,1,43,2,1
3666,2008,4,2,12,29,531,1,A7,3,3,1,43,2,1
3667,2008,4,2,1,41,532,1,A3,3,1,1,72,1,1
3668,2008,4,2,2,41,532,4,P15,4,5,2,38,1,1
3669,2008,4,2,1,29,533,3,C1,4,1,2,28,2,1
3670,2008,4,2,2,29,533,3,C3,6,1,2,23,2,1
3671,2008,4,2,3,29,533,3,C23,3,2,1,43,1,2
3672,2008,4,2,4,29,533,3,C33,14,5,1,48,1,2
3673,2008,4,2,5,29,533,3,C49,4,5,2,26,2,3
3674,2008,4,2,6,29,533,1,A15,14,5,2,33,2,1
3675,2008,4,2,7,29,533,3,C54,14,6,1,57,1,3
3676,2008,4,2,1,9,534,1,A15,14,5,2,33,2,1
3677,2008,4,2,2,9,534,1,A31,6,5,2,62,1,2
3678,2008,4,2,3,9,534,1,A25,1,3,1,38,2,2
3679,2008,4,2,4,9,534,1,A28,1,4,2,43,2,2
3680,2008,4,2,5,9,534,2,B17,6,6,2,38,2,1
3681,2008,4,2,6,9,534,2,B9,1,3,1,48,2,1
3682,2008,4,2,7,9,534,2,B4,10,2,1,52,1,1
3683,2008,4,2,8,9,534,2,B24,11,2,1,57,1,2
3684,2008,4,2,9,9,534,2,B25,6,3,1,38,2,2
3685,2008,4,2,10,9,534,1,A21,1,1,1,62,1,2
3686,2008,4,2,11,9,534,1,A29,2,4,1,60,1,2
3687,2008,4,2,1,9,535,2,B25,6,3,1,38,2,2
3688,2008,4,2,2,9,535,1,A28,1,4,2,43,2,2
3689,2008,4,2,1,29,536,3,C3,6,1,2,23,2,1
3690,2008,4,2,2,29,536,3,C11,7,4,1,33,2,1
3691,2008,4,2,3,29,536,3,C2,12,1,1,43,1,1
3692,2008,4,2,4,29,536,3,C30,2,4,2,28,2,2
3693,2008,4,2,5,29,536,3,C53,14,6,1,38,2,3
3694,2008,4,2,6,29,536,3,C41,13,2,1,28,2,3
3695,2008,4,2,1,9,537,1,A13,1,5,1,28,2,1
3696,2008,4,2,2,9,537,1,A16,1,6,1,33,2,1
3697,2008,4,2,3,9,537,1,A30,6,4,1,38,2,2
3698,2008,4,2,4,9,537,1,A21,1,1,1,62,1,2
3699,2008,4,2,5,9,537,2,B1,4,1,1,57,1,1
3700,2008,4,2,6,9,537,2,B17,6,6,2,38,2,1
3701,2008,4,2,1,9,538,3,C7,13,3,1,48,1,1
3702,2008,4,2,2,9,538,3,C17,14,6,1,48,1,1
3703,2008,4,2,3,9,538,3,C4,4,2,1,48,1,1
3704,2008,4,2,1,9,539,2,B1,4,1,1,57,1,1
3705,2008,4,2,2,9,539,2,B4,10,2,1,52,1,1
3706,2008,4,2,3,9,539,2,B7,6,3,1,38,2,1
3707,2008,4,2,4,9,539,2,B8,4,3,2,52,1,1
3708,2008,4,2,5,9,539,2,B16,12,6,1,52,1,1
3709,2008,4,2,6,9,539,3,C1,4,1,2,28,2,1
3710,2008,4,2,7,9,539,3,C2,12,1,1,43,1,1
3711,2008,4,2,8,9,539,3,C13,9,5,1,48,1,1
3712,2008,4,2,9,9,539,3,C14,9,5,1,23,2,1
3713,2008,4,2,10,9,539,3,C23,3,2,1,43,1,2
3714,2008,4,2,11,9,539,3,C34,7,6,1,48,1,2
3715,2008,4,2,12,9,539,3,C32,2,5,1,33,2,2
3716,2008,4,2,13,9,539,3,C10,9,4,2,28,2,1
3717,2008,4,2,14,9,539,3,C2,12,1,1,43,1,1
3718,2008,4,2,15,9,539,3,C11,7,4,1,33,2,1
3719,2008,4,2,16,9,539,3,C14,9,5,1,23,2,1
3720,2008,4,2,17,9,539,3,C13,9,5,1,48,1,1
3721,2008,4,2,18,9,539,3,C16,13,6,1,28,2,1
3722,2008,4,2,19,9,539,2,B7,6,3,1,38,2,1
3723,2008,4,2,20,9,539,2,B8,4,3,2,52,1,1
3724,2008,4,2,21,9,539,2,B7,6,3,1,38,2,1
3725,2008,4,2,22,9,539,2,B8,4,3,2,52,1,1
3726,2008,4,2,23,9,539,1,A4,3,2,2,38,2,1
3727,2008,4,2,24,9,539,1,A27,3,3,1,55,1,2
3728,2008,4,2,25,9,539,1,A29,2,4,1,60,1,2
3729,2008,4,2,1,29,540,3,C16,13,6,1,28,2,1
3730,2008,4,2,2,29,540,1,A3,3,1,1,72,1,1
3731,2008,4,2,3,29,540,1,A7,3,3,1,43,2,1
3732,2008,4,2,4,29,540,1,A2,3,1,1,43,2,1
3733,2008,4,2,5,29,540,4,P1,3,1,1,38,1,1
3734,2008,4,2,6,29,540,4,P15,4,5,2,38,1,1
3735,2008,4,2,1,9,541,1,A10,3,4,1,38,2,1
3736,2008,4,2,2,9,541,1,A12,2,4,1,38,2,1
3737,2008,4,2,3,9,541,1,A2,3,1,1,43,2,1
3738,2008,4,2,4,9,541,1,A6,3,2,1,43,2,1
3739,2008,4,2,1,27,542,2,B15,9,5,1,38,2,1
3740,2008,4,2,2,27,542,2,B10,2,4,1,67,1,1
3741,2008,4,2,3,27,542,2,B17,6,6,2,38,2,1
3742,2008,4,2,4,27,542,2,B13,12,5,2,62,1,1
3743,2008,4,2,5,27,542,3,C10,9,4,2,28,2,1
3744,2008,4,2,6,27,542,3,C8,2,3,2,48,1,1
3745,2008,4,2,7,27,542,3,C9,6,3,1,48,1,1
3746,2008,4,2,8,27,542,3,C30,2,4,2,28,2,2
3747,2008,4,2,9,27,542,3,C21,14,1,1,57,1,2
3748,2008,4,2,10,27,542,3,C35,9,6,1,50,1,2
3749,2008,4,2,11,27,542,2,B4,10,2,1,52,1,1
3750,2008,4,2,12,27,542,2,B3,12,1,1,52,1,1
3751,2008,4,2,13,27,542,3,C53,14,6,1,38,2,3
3752,2008,4,2,14,27,542,3,C49,4,5,2,26,2,3
3753,2008,4,2,15,27,542,3,C46,2,4,1,48,1,3
3754,2008,4,2,16,27,542,3,C40,14,2,2,28,2,3
3755,2008,4,2,17,27,542,3,C37,2,1,1,43,1,3
3756,2008,4,2,18,27,542,3,C55,13,1,1,48,1,4
3757,2008,4,2,19,27,542,3,C48,6,4,1,28,2,3
3758,2008,4,2,20,27,542,4,P15,4,5,2,38,1,1
3759,2008,4,2,21,27,542,4,P33,9,5,1,43,1,2
3760,2008,4,2,22,27,542,4,P19,2,1,1,48,1,2
3761,2008,4,2,23,27,542,4,P48,9,4,2,33,2,3
3762,2008,4,2,24,27,542,4,P37,2,1,1,43,1,3
3763,2008,4,2,25,27,542,4,P46,14,4,1,28,2,3
3764,2008,4,2,1,9,543,3,C2,12,1,1,43,1,1
3765,2008,4,2,1,29,544,1,A17,2,6,1,62,1,1
3766,2008,4,2,2,29,544,4,P9,4,3,2,23,2,1
3767,2008,4,2,3,29,544,4,P9,4,3,2,23,2,1
3768,2008,4,2,4,29,544,4,P7,4,3,2,28,2,1
3769,2008,4,2,5,29,544,4,P6,2,2,1,43,1,1
3770,2008,4,2,6,29,544,4,P4,4,2,1,38,1,1
3771,2008,4,2,7,29,544,4,P13,4,5,1,38,1,1
3772,2008,4,2,8,29,544,3,C21,14,1,1,57,1,2
3773,2008,4,2,9,29,544,3,C29,6,4,2,52,1,2
3774,2008,4,2,10,29,544,3,C24,12,2,1,33,2,2
3775,2008,4,2,11,29,544,3,C39,6,1,1,77,1,3
3776,2008,4,2,12,29,544,3,C40,14,2,2,28,2,3
3777,2008,4,2,13,29,544,3,C47,13,4,2,18,2,3
3778,2008,4,2,1,29,545,2,B27,2,3,1,57,1,2
3779,2008,4,2,1,9,546,1,A4,3,2,2,38,2,1
3780,2008,4,2,2,9,546,2,B4,10,2,1,52,1,1
3781,2008,4,2,1,29,547,4,P17,2,6,2,38,1,1
3782,2008,4,2,2,29,547,2,B7,6,3,1,38,2,1
3783,2008,4,2,3,29,547,2,B8,4,3,2,52,1,1
3784,2008,4,2,4,29,547,4,P18,2,6,1,28,2,1
3785,2008,4,2,5,29,547,4,P29,5,4,2,33,2,2
3786,2008,4,2,6,29,547,4,P24,6,2,1,43,1,2
3787,2008,4,2,1,29,548,3,C21,14,1,1,57,1,2
3788,2008,4,2,2,29,548,3,C40,14,2,2,28,2,3
3789,2008,4,2,3,29,548,1,A2,3,1,1,43,2,1
3790,2008,4,2,4,29,548,4,P6,2,2,1,43,1,1
3791,2008,4,2,5,29,548,4,P7,4,3,2,28,2,1
3792,2008,4,2,1,29,549,3,C1,4,1,2,28,2,1
3793,2008,4,2,1,29,550,1,A11,3,4,1,62,1,1
3794,2008,4,2,2,29,550,2,B13,12,5,2,62,1,1
3795,2008,4,2,3,29,550,2,B15,9,5,1,38,2,1
3796,2008,4,2,4,29,550,2,B15,9,5,1,38,2,1
3797,2008,4,2,5,29,550,2,B23,7,2,1,38,2,2
3798,2008,4,2,6,29,550,2,B30,9,4,1,57,1,2
3799,2008,4,2,7,29,550,2,B31,9,5,1,57,1,2
3800,2008,4,2,8,29,550,2,B31,9,5,1,57,1,2
3801,2008,4,2,9,29,550,1,A11,3,4,1,62,1,1
3802,2008,4,2,1,29,551,1,A15,14,5,2,33,2,1
3803,2008,4,2,2,29,551,1,A7,3,3,1,43,2,1
3804,2008,4,2,3,29,551,1,A21,1,1,1,62,1,2
3805,2008,4,2,4,29,551,2,B4,10,2,1,52,1,1
3806,2008,4,2,5,29,551,2,B23,7,2,1,38,2,2
3807,2008,4,2,6,29,551,3,C17,14,6,1,48,1,1
3808,2008,4,2,1,29,552,3,C1,4,1,2,28,2,1
3809,2008,4,2,1,24,553,1,A12,2,4,1,38,2,1
3810,2008,4,2,2,24,553,1,A17,2,6,1,62,1,1
3811,2008,4,2,3,24,553,1,A31,6,5,2,62,1,2
3812,2008,4,2,4,24,553,1,A37,2,1,1,62,1,3
3813,2008,4,2,5,24,553,3,C2,12,1,1,43,1,1
3814,2008,4,2,6,24,553,2,B16,12,6,1,52,1,1
3815,2008,4,2,7,24,553,2,B15,9,5,1,38,2,1
3816,2008,4,2,8,24,553,1,A13,1,5,1,28,2,1
3817,2008,4,2,9,24,553,1,A15,14,5,2,33,2,1
3818,2008,4,2,10,24,553,4,P6,2,2,1,43,1,1
3819,2008,4,2,11,24,553,1,A15,14,5,2,33,2,1
3820,2008,4,2,12,24,553,2,B17,6,6,2,38,2,1
3821,2008,4,2,13,24,553,2,B19,13,1,1,38,2,2
3822,2008,4,2,14,24,553,2,B31,9,5,1,57,1,2
3823,2008,4,2,15,24,553,2,B33,6,5,2,33,2,2
3824,2008,4,2,16,24,553,2,B4,10,2,1,52,1,1
3825,2008,4,2,17,24,553,2,B4,10,2,1,52,1,1
3826,2008,4,2,18,24,553,2,B14,2,5,1,62,1,1
3827,2008,4,2,19,24,553,2,B12,2,4,1,38,2,1
3828,2008,4,2,20,24,553,3,C12,14,4,1,43,1,1
3829,2008,4,2,21,24,553,3,C17,14,6,1,48,1,1
3830,2008,4,2,22,24,553,1,A16,1,6,1,33,2,1
3831,2008,4,2,23,24,553,1,A11,3,4,1,62,1,1
3832,2008,4,2,24,24,553,1,A33,1,5,1,38,2,2
3833,2008,4,2,25,24,553,1,A22,4,2,1,62,1,2
3834,2008,4,2,26,24,553,1,A21,1,1,1,62,1,2
3835,2008,4,2,27,24,553,1,A30,6,4,1,38,2,2
3836,2008,4,2,28,24,553,1,A38,6,1,1,62,1,3
3837,2008,4,2,29,24,553,1,A39,4,1,1,38,2,3
3838,2008,4,2,30,24,553,1,A42,6,2,1,28,2,3
3839,2008,4,2,1,24,554,1,A5,3,2,1,43,2,1
3840,2008,4,2,2,24,554,1,A38,6,1,1,62,1,3
3841,2008,4,2,3,24,554,1,A39,4,1,1,38,2,3
3842,2008,4,2,1,7,555,3,C14,9,5,1,23,2,1
3843,2008,4,2,2,7,555,3,C2,12,1,1,43,1,1
3844,2008,4,2,3,7,555,3,C30,2,4,2,28,2,2
3845,2008,4,2,4,7,555,3,C53,14,6,1,38,2,3
3846,2008,4,2,5,7,555,2,B1,4,1,1,57,1,1
3847,2008,4,2,6,7,555,2,B28,9,4,1,38,2,2
3848,2008,4,2,7,7,555,1,A15,14,5,2,33,2,1
3849,2008,4,2,1,24,556,1,A11,3,4,1,62,1,1
3850,2008,4,2,2,24,556,1,A13,1,5,1,28,2,1
3851,2008,4,2,3,24,556,1,A14,3,5,1,60,1,1
3852,2008,4,2,4,24,556,1,A21,1,1,1,62,1,2
3853,2008,4,2,5,24,556,1,A22,4,2,1,62,1,2
3854,2008,4,2,6,24,556,1,A32,2,5,1,38,2,2
3855,2008,4,2,7,24,556,1,A34,2,6,1,38,2,2
3856,2008,4,2,8,24,556,3,C17,14,6,1,48,1,1
3857,2008,4,2,9,24,556,3,C26,14,3,1,28,2,2
3858,2008,4,2,10,24,556,3,C34,7,6,1,48,1,2
3859,2008,4,2,11,24,556,3,C35,9,6,1,50,1,2
3860,2008,4,2,12,24,556,3,C38,13,1,1,38,2,3
3861,2008,4,2,13,24,556,3,C49,4,5,2,26,2,3
3862,2008,4,2,14,24,556,3,C52,2,6,1,38,2,3
3863,2008,4,2,15,24,556,3,C56,6,1,2,57,1,4
3864,2008,4,2,16,24,556,3,C59,5,2,2,52,1,4
3865,2008,4,2,1,29,557,4,P13,4,5,1,38,1,1
3866,2008,4,2,2,29,557,4,P3,2,1,1,48,1,1
3867,2008,4,2,1,29,558,3,C17,14,6,1,48,1,1
3868,2008,4,2,2,29,558,3,C28,2,4,2,48,1,2
3869,2008,4,2,1,29,559,3,C26,14,3,1,28,2,2
3870,2008,4,2,1,29,560,1,A11,3,4,1,62,1,1
3871,2008,4,2,2,29,560,2,B2,3,1,2,57,1,1
3872,2008,4,2,3,29,560,2,B10,2,4,1,67,1,1
3873,2008,4,2,4,29,560,2,B17,6,6,2,38,2,1
3874,2008,4,2,1,29,561,2,B10,2,4,1,67,1,1
3875,2008,4,2,2,29,561,2,B17,6,6,2,38,2,1
3876,2008,4,2,3,29,561,2,B32,6,5,1,38,2,2
3877,2008,4,2,4,29,561,2,B23,7,2,1,38,2,2
3878,2008,4,2,5,29,561,2,B33,6,5,2,33,2,2
3879,2008,4,2,6,29,561,2,B26,13,3,1,57,1,2
3880,2008,4,2,7,29,561,4,P20,7,1,1,23,2,2
3881,2008,4,2,1,29,562,1,A12,2,4,1,38,2,1
3882,2008,4,2,2,29,562,1,A16,1,6,1,33,2,1
3883,2008,4,2,3,29,562,1,A16,1,6,1,33,2,1
3884,2008,4,2,4,29,562,1,A4,3,2,2,38,2,1
3885,2008,4,2,5,29,562,1,A6,3,2,1,43,2,1
3886,2008,4,2,6,29,562,3,C4,4,2,1,48,1,1
3887,2008,4,2,7,29,562,3,C13,9,5,1,48,1,1
3888,2008,4,2,8,29,562,3,C8,2,3,2,48,1,1
3889,2008,4,2,9,29,562,2,B4,10,2,1,52,1,1
3890,2008,4,2,10,29,562,2,B10,2,4,1,67,1,1
3891,2008,4,2,11,29,562,2,B11,2,4,1,43,2,1
3892,2008,4,2,12,29,562,2,B15,9,5,1,38,2,1
3893,2008,4,2,13,29,562,2,B12,2,4,1,38,2,1
3894,2008,4,2,14,29,562,2,B9,1,3,1,48,2,1
3895,2008,4,2,15,29,562,2,B3,12,1,1,52,1,1
3896,2008,4,2,16,29,562,2,B4,10,2,1,52,1,1
3897,2008,4,2,1,29,563,1,A16,1,6,1,33,2,1
3898,2008,4,2,2,29,563,1,A1,8,1,1,28,2,1
3899,2008,4,2,3,29,563,1,A12,2,4,1,38,2,1
3900,2008,4,2,4,29,563,1,A11,3,4,1,62,1,1
3901,2008,4,2,5,29,563,1,A6,3,2,1,43,2,1
3902,2008,4,2,6,29,563,1,A8,3,3,1,62,1,1
3903,2008,4,2,7,29,563,1,A5,3,2,1,43,2,1
3904,2008,4,2,8,29,563,1,A15,14,5,2,33,2,1
3905,2008,4,2,9,29,563,3,C1,4,1,2,28,2,1
3906,2008,4,2,10,29,563,3,C7,13,3,1,48,1,1
3907,2008,4,2,11,29,563,3,C9,6,3,1,48,1,1
3908,2008,4,2,12,29,563,3,C12,14,4,1,43,1,1
3909,2008,4,2,13,29,563,3,C17,14,6,1,48,1,1
3910,2008,4,2,14,29,563,3,C18,9,6,1,48,1,1
3911,2008,4,2,15,29,563,3,C13,9,5,1,48,1,1
3912,2008,4,2,16,29,563,1,A27,3,3,1,55,1,2
3913,2008,4,2,17,29,563,1,A31,6,5,2,62,1,2
3914,2008,4,2,18,29,563,1,A23,6,2,2,33,2,2
3915,2008,4,2,19,29,563,3,C46,2,4,1,48,1,3
3916,2008,4,2,20,29,563,3,C53,14,6,1,38,2,3
3917,2008,4,2,21,29,563,4,P11,4,4,2,38,1,1
3918,2008,4,2,22,29,563,4,P1,3,1,1,38,1,1
3919,2008,4,2,23,29,563,4,P4,4,2,1,38,1,1
3920,2008,4,2,24,29,563,4,P6,2,2,1,43,1,1
3921,2008,4,2,25,29,563,4,P7,4,3,2,28,2,1
3922,2008,4,2,26,29,563,4,P14,2,5,2,38,1,1
3923,2008,4,2,27,29,563,4,P7,4,3,2,28,2,1
3924,2008,4,2,28,29,563,4,P1,3,1,1,38,1,1
3925,2008,4,2,29,29,563,4,P23,6,2,2,28,2,2
3926,2008,4,2,30,29,563,4,P24,6,2,1,43,1,2
3927,2008,4,2,31,29,563,4,P46,14,4,1,28,2,3
3928,2008,4,2,32,29,563,4,P47,14,4,1,28,2,3
3929,2008,4,2,33,29,563,4,P42,6,2,2,28,2,3
3930,2008,4,2,1,29,564,1,A11,3,4,1,62,1,1
3931,2008,4,2,2,29,564,2,B13,12,5,2,62,1,1
3932,2008,4,2,3,29,564,4,P16,7,6,1,33,2,1
3933,2008,4,2,1,29,565,1,A10,3,4,1,38,2,1
3934,2008,4,2,2,29,565,1,A5,3,2,1,43,2,1
3935,2008,4,2,3,29,565,1,A12,2,4,1,38,2,1
3936,2008,4,2,4,29,565,3,C35,9,6,1,50,1,2
3937,2008,4,2,1,9,566,1,A17,2,6,1,62,1,1
3938,2008,4,2,1,29,567,4,P36,2,6,1,43,1,2
3939,2008,4,2,1,29,568,4,P1,3,1,1,38,1,1
3940,2008,4,2,2,29,568,4,P33,9,5,1,43,1,2
3941,2008,4,2,3,29,568,4,P50,6,5,2,33,2,3
3942,2008,4,2,1,29,569,3,C29,6,4,2,52,1,2
3943,2008,4,2,1,29,570,3,C30,2,4,2,28,2,2
3944,2008,4,2,1,9,571,2,B11,2,4,1,43,2,1
3945,2008,4,2,2,9,571,2,B15,9,5,1,38,2,1
3946,2008,4,2,1,24,572,1,A1,8,1,1,28,2,1
3947,2008,4,2,2,24,572,1,A2,3,1,1,43,2,1
3948,2008,4,2,3,24,572,1,A4,3,2,2,38,2,1
3949,2008,4,2,4,24,572,1,A4,3,2,2,38,2,1
3950,2008,4,2,5,24,572,1,A9,3,3,1,82,1,1
3951,2008,4,2,6,24,572,1,A15,14,5,2,33,2,1
3952,2008,4,2,7,24,572,1,A17,2,6,1,62,1,1
3953,2008,4,2,8,24,572,1,A10,3,4,1,38,2,1
3954,2008,4,2,9,24,572,1,A18,4,6,1,38,2,1
3955,2008,4,2,10,24,572,1,A22,4,2,1,62,1,2
3956,2008,4,2,11,24,572,1,A29,2,4,1,60,1,2
3957,2008,4,2,12,24,572,1,A31,6,5,2,62,1,2
3958,2008,4,2,1,29,573,2,B17,6,6,2,38,2,1
3959,2008,4,2,2,29,573,2,B23,7,2,1,38,2,2
3960,2008,4,2,1,29,574,1,A4,3,2,2,38,2,1
3961,2008,4,2,2,29,574,1,A15,14,5,2,33,2,1
3962,2008,4,2,3,29,574,1,A11,3,4,1,62,1,1
3963,2008,4,2,4,29,574,1,A3,3,1,1,72,1,1
3964,2008,4,2,5,29,574,1,A1,8,1,1,28,2,1
3965,2008,4,2,6,29,574,4,P6,2,2,1,43,1,1
3966,2008,4,2,7,29,574,4,P10,4,4,2,65,1,1
3967,2008,4,2,8,29,574,4,P27,6,3,2,33,2,2
3968,2008,4,2,9,29,574,4,P41,9,2,2,43,1,3
3969,2008,4,2,1,21,575,4,P14,2,5,2,38,1,1
3970,2008,4,2,2,21,575,4,P1,3,1,1,38,1,1
3971,2008,4,2,3,21,575,4,P16,7,6,1,33,2,1
3972,2008,4,2,4,21,575,4,P39,14,1,1,43,1,3
3973,2008,4,2,5,21,575,4,P48,9,4,2,33,2,3
3974,2008,4,2,6,21,575,4,P51,9,5,1,28,2,3
3975,2008,4,2,7,21,575,4,P39,14,1,1,43,1,3
3976,2008,4,2,8,21,575,4,P37,2,1,1,43,1,3
3977,2008,4,2,9,21,575,4,P38,9,1,1,33,2,3
3978,2008,4,2,10,21,575,4,P44,11,3,2,28,2,3
3979,2008,4,2,11,21,575,4,P52,11,6,2,23,2,3
3980,2008,4,2,12,21,575,4,P47,14,4,1,28,2,3
3981,2008,4,2,13,21,575,4,P65,9,4,2,43,1,4
3982,2008,4,2,14,21,575,4,P60,14,2,1,28,2,4
3983,2008,4,2,15,21,575,4,P55,14,1,2,33,2,4
3984,2008,4,2,16,21,575,4,P70,6,6,2,38,1,4
3985,2008,4,2,17,21,575,4,P81,4,3,2,43,1,5
3986,2008,4,2,18,21,575,4,P1,3,1,1,38,1,1
3987,2008,4,2,1,9,576,1,A17,2,6,1,62,1,1
3988,2008,4,2,1,29,577,1,A1,8,1,1,28,2,1
3989,2008,4,2,2,29,577,3,C5,11,2,1,48,1,1
3990,2008,4,2,1,9,578,2,B15,9,5,1,38,2,1
3991,2008,4,2,2,9,578,2,B10,2,4,1,67,1,1
3992,2008,4,2,3,9,578,2,B1,4,1,1,57,1,1
3993,2008,4,2,4,9,578,1,A1,8,1,1,28,2,1
3994,2008,4,2,5,9,578,1,A2,3,1,1,43,2,1
3995,2008,4,2,6,9,578,1,A3,3,1,1,72,1,1
3996,2008,4,2,7,9,578,1,A5,3,2,1,43,2,1
3997,2008,4,2,8,9,578,1,A13,1,5,1,28,2,1
3998,2008,4,2,9,9,578,2,B1,4,1,1,57,1,1
3999,2008,4,2,1,29,579,4,P16,7,6,1,33,2,1
